task,task_display,feature_1,feature_2,spearman_rho,spearman_p_descriptive,abs_spearman_rho
malignant_vs_non_malignant,Malignant vs non-malignant,Mean,StdDev,0.25172413793103443,0.1877455133551609,0.25172413793103443
malignant_vs_non_malignant,Malignant vs non-malignant,Mean,Median,0.9345818058549599,1.2312079438772792e-13,0.9345818058549599
malignant_vs_non_malignant,Malignant vs non-malignant,Mean,Min,0.21134083003136295,0.27110033330998384,0.21134083003136295
malignant_vs_non_malignant,Malignant vs non-malignant,Mean,Max,0.42626589088559996,0.02112259687971571,0.42626589088559996
malignant_vs_non_malignant,Malignant vs non-malignant,Mean,P10,0.6226600985221674,0.00030955639400765116,0.6226600985221674
malignant_vs_non_malignant,Malignant vs non-malignant,Mean,P25,0.8634068300495126,1.6538133443948442e-09,0.8634068300495126
malignant_vs_non_malignant,Malignant vs non-malignant,Mean,P75,0.89269440617256,7.616958622917759e-11,0.89269440617256
malignant_vs_non_malignant,Malignant vs non-malignant,Mean,P90,0.8694581280788175,9.312333775200917e-10,0.8694581280788175
malignant_vs_non_malignant,Malignant vs non-malignant,Mean,IQR,0.031527093596059104,0.8710298012327197,0.031527093596059104
malignant_vs_non_malignant,Malignant vs non-malignant,Mean,Skewness,-0.7029556650246302,2.1154506608077115e-05,0.7029556650246302
malignant_vs_non_malignant,Malignant vs non-malignant,Mean,Kurtosis,0.22709359605911325,0.23613651439257807,0.22709359605911325
malignant_vs_non_malignant,Malignant vs non-malignant,Mean,GrayEntropy,0.38325123152709356,0.04015070171320673,0.38325123152709356
malignant_vs_non_malignant,Malignant vs non-malignant,Mean,GLCM_contrast,0.15615763546798028,0.4185584651784068,0.15615763546798028
malignant_vs_non_malignant,Malignant vs non-malignant,Mean,GLCM_dissimilarity,0.15418719211822657,0.42452676986623233,0.15418719211822657
malignant_vs_non_malignant,Malignant vs non-malignant,Mean,GLCM_homogeneity,-0.17881773399014775,0.3533475597381152,0.17881773399014775
malignant_vs_non_malignant,Malignant vs non-malignant,Mean,GLCM_ASM,-0.4620689655172413,0.01161899543976425,0.4620689655172413
malignant_vs_non_malignant,Malignant vs non-malignant,Mean,GLCM_energy,-0.4625615763546797,0.011518830604724386,0.4625615763546797
malignant_vs_non_malignant,Malignant vs non-malignant,Mean,GLCM_correlation,0.21428571428571425,0.26432288019972683,0.21428571428571425
malignant_vs_non_malignant,Malignant vs non-malignant,Mean,GLCM_entropy,0.3541871921182265,0.05941819289222221,0.3541871921182265
malignant_vs_non_malignant,Malignant vs non-malignant,Mean,LowSignalRatio,-0.6310344827586206,0.00024230563757737168,0.6310344827586206
malignant_vs_non_malignant,Malignant vs non-malignant,Mean,HighSignalRatio,0.8108374384236452,9.648285974103951e-08,0.8108374384236452
malignant_vs_non_malignant,Malignant vs non-malignant,Mean,LowObj_Count,-0.49020815743182033,0.0069431524521547305,0.49020815743182033
malignant_vs_non_malignant,Malignant vs non-malignant,Mean,LowObj_Density_per_10kpx,-0.5448275862068965,0.0022429948045707467,0.5448275862068965
malignant_vs_non_malignant,Malignant vs non-malignant,Mean,LowObj_MeanArea_px,-0.33201970443349743,0.07846926218790098,0.33201970443349743
malignant_vs_non_malignant,Malignant vs non-malignant,Mean,LowObj_MedianArea_px,-0.2881773399014778,0.12952210702716938,0.2881773399014778
malignant_vs_non_malignant,Malignant vs non-malignant,Mean,LowObj_MeanCircularity,0.27980295566502456,0.14154747109702198,0.27980295566502456
malignant_vs_non_malignant,Malignant vs non-malignant,Mean,LowObj_MeanSolidity,0.33694581280788166,0.0738769383264565,0.33694581280788166
malignant_vs_non_malignant,Malignant vs non-malignant,Mean,LowObj_MeanEccentricity,0.17290640394088666,0.36974348905336424,0.17290640394088666
malignant_vs_non_malignant,Malignant vs non-malignant,Mean,LowObj_MeanAspectRatio,0.08325123152709359,0.6676701120758932,0.08325123152709359
malignant_vs_non_malignant,Malignant vs non-malignant,Mean,LowObj_TotalAreaRatio_filtered,-0.5985221674876846,0.0006039930233783963,0.5985221674876846
malignant_vs_non_malignant,Malignant vs non-malignant,StdDev,Median,0.41641003213679995,0.024642552526356314,0.41641003213679995
malignant_vs_non_malignant,Malignant vs non-malignant,StdDev,Min,-0.22822308568475583,0.23375105919704767,0.22822308568475583
malignant_vs_non_malignant,Malignant vs non-malignant,StdDev,Max,0.5228533066238399,0.003613686965507675,0.5228533066238399
malignant_vs_non_malignant,Malignant vs non-malignant,StdDev,P10,-0.5201970443349753,0.003820050897392657,0.5201970443349753
malignant_vs_non_malignant,Malignant vs non-malignant,StdDev,P25,-0.13154329450683017,0.4963857623749777,0.13154329450683017
malignant_vs_non_malignant,Malignant vs non-malignant,StdDev,P75,0.56375512043136,0.0014484154419597977,0.56375512043136
malignant_vs_non_malignant,Malignant vs non-malignant,StdDev,P90,0.6453201970443349,0.00015689472547201558,0.6453201970443349
malignant_vs_non_malignant,Malignant vs non-malignant,StdDev,IQR,0.9507389162561575,2.9450300802029104e-15,0.9507389162561575
malignant_vs_non_malignant,Malignant vs non-malignant,StdDev,Skewness,0.11773399014778321,0.5430218653263681,0.11773399014778321
malignant_vs_non_malignant,Malignant vs non-malignant,StdDev,Kurtosis,-0.7985221674876846,2.090390565540397e-07,0.7985221674876846
malignant_vs_non_malignant,Malignant vs non-malignant,StdDev,GrayEntropy,0.8645320197044333,1.4894066495214676e-09,0.8645320197044333
malignant_vs_non_malignant,Malignant vs non-malignant,StdDev,GLCM_contrast,0.5403940886699506,0.002475929688600612,0.5403940886699506
malignant_vs_non_malignant,Malignant vs non-malignant,StdDev,GLCM_dissimilarity,0.5482758620689654,0.0020751439149308813,0.5482758620689654
malignant_vs_non_malignant,Malignant vs non-malignant,StdDev,GLCM_homogeneity,-0.45467980295566496,0.013211056191730844,0.45467980295566496
malignant_vs_non_malignant,Malignant vs non-malignant,StdDev,GLCM_ASM,-0.5472906403940886,0.002121955242574287,0.5472906403940886
malignant_vs_non_malignant,Malignant vs non-malignant,StdDev,GLCM_energy,-0.5763546798029556,0.0010668003867904082,0.5763546798029556
malignant_vs_non_malignant,Malignant vs non-malignant,StdDev,GLCM_correlation,0.6704433497536945,6.90788760118406e-05,0.6704433497536945
malignant_vs_non_malignant,Malignant vs non-malignant,StdDev,GLCM_entropy,0.8221674876847288,4.502432984236341e-08,0.8221674876847288
malignant_vs_non_malignant,Malignant vs non-malignant,StdDev,LowSignalRatio,0.4645320197044333,0.011125363788298648,0.4645320197044333
malignant_vs_non_malignant,Malignant vs non-malignant,StdDev,HighSignalRatio,0.6758620689655171,5.729080862775376e-05,0.6758620689655171
malignant_vs_non_malignant,Malignant vs non-malignant,StdDev,LowObj_Count,0.3510284544423839,0.06188632629425621,0.3510284544423839
malignant_vs_non_malignant,Malignant vs non-malignant,StdDev,LowObj_Density_per_10kpx,0.2285714285714285,0.2330186292577726,0.2285714285714285
malignant_vs_non_malignant,Malignant vs non-malignant,StdDev,LowObj_MeanArea_px,0.48325123152709354,0.007916845535837318,0.48325123152709354
malignant_vs_non_malignant,Malignant vs non-malignant,StdDev,LowObj_MedianArea_px,0.6172413793103447,0.000361383584147082,0.6172413793103447
malignant_vs_non_malignant,Malignant vs non-malignant,StdDev,LowObj_MeanCircularity,-0.3073891625615763,0.10478700580208222,0.3073891625615763
malignant_vs_non_malignant,Malignant vs non-malignant,StdDev,LowObj_MeanSolidity,0.14926108374384234,0.43965089136932417,0.14926108374384234
malignant_vs_non_malignant,Malignant vs non-malignant,StdDev,LowObj_MeanEccentricity,-0.2029556650246305,0.2910080636057823,0.2029556650246305
malignant_vs_non_malignant,Malignant vs non-malignant,StdDev,LowObj_MeanAspectRatio,-0.13793103448275862,0.4755178186198648,0.13793103448275862
malignant_vs_non_malignant,Malignant vs non-malignant,StdDev,LowObj_TotalAreaRatio_filtered,0.5014778325123151,0.00558122002584801,0.5014778325123151
malignant_vs_non_malignant,Malignant vs non-malignant,Median,Min,0.1676339642539468,0.38473669959127815,0.1676339642539468
malignant_vs_non_malignant,Malignant vs non-malignant,Median,Max,0.39758442198668975,0.03269466533780331,0.39758442198668975
malignant_vs_non_malignant,Malignant vs non-malignant,Median,P10,0.45410869185096,0.013341323895330038,0.45410869185096
malignant_vs_non_malignant,Malignant vs non-malignant,Median,P25,0.7594874552930108,1.7757578219177841e-06,0.7594874552930108
malignant_vs_non_malignant,Malignant vs non-malignant,Median,P75,0.9527976337194973,1.6753762633086705e-15,0.9527976337194973
malignant_vs_non_malignant,Malignant vs non-malignant,Median,P90,0.90723179782704,1.1659745676034924e-11,0.90723179782704
malignant_vs_non_malignant,Malignant vs non-malignant,Median,IQR,0.19416041735135997,0.31285985120445675,0.19416041735135997
malignant_vs_non_malignant,Malignant vs non-malignant,Median,Skewness,-0.7113466051946399,1.519436376128142e-05,0.7113466051946399
malignant_vs_non_malignant,Malignant vs non-malignant,Median,Kurtosis,0.06726623596056,0.7288175598942196,0.06726623596056
malignant_vs_non_malignant,Malignant vs non-malignant,Median,GrayEntropy,0.44376004016472,0.015893598407641863,0.44376004016472
malignant_vs_non_malignant,Malignant vs non-malignant,Median,GLCM_contrast,0.20648024078736,0.282530120167389,0.20648024078736
malignant_vs_non_malignant,Malignant vs non-malignant,Median,GLCM_dissimilarity,0.18750771269591998,0.33004715098681325,0.18750771269591998
malignant_vs_non_malignant,Malignant vs non-malignant,Median,GLCM_homogeneity,-0.19366762441391996,0.3141135589958317,0.19366762441391996
malignant_vs_non_malignant,Malignant vs non-malignant,Median,GLCM_ASM,-0.40778615573159993,0.02810255133698788,0.40778615573159993
malignant_vs_non_malignant,Malignant vs non-malignant,Median,GLCM_energy,-0.41443886038704,0.025401000722568682,0.41443886038704
malignant_vs_non_malignant,Malignant vs non-malignant,Median,GLCM_correlation,0.2887766613398399,0.1286911438244402,0.2887766613398399
malignant_vs_non_malignant,Malignant vs non-malignant,Median,GLCM_entropy,0.40975732748135996,0.027278827947573137,0.40975732748135996
malignant_vs_non_malignant,Malignant vs non-malignant,Median,LowSignalRatio,-0.4829370786912,0.007963403612284935,0.4829370786912
malignant_vs_non_malignant,Malignant vs non-malignant,Median,HighSignalRatio,0.88136016861144,2.7565064747091846e-10,0.88136016861144
malignant_vs_non_malignant,Malignant vs non-malignant,Median,LowObj_Count,-0.36951701466965264,0.04851430810333303,0.36951701466965264
malignant_vs_non_malignant,Malignant vs non-malignant,Median,LowObj_Density_per_10kpx,-0.41567084273064,0.024924773227840175,0.41567084273064
malignant_vs_non_malignant,Malignant vs non-malignant,Median,LowObj_MeanArea_px,-0.2887766613398399,0.1286911438244402,0.2887766613398399
malignant_vs_non_malignant,Malignant vs non-malignant,Median,LowObj_MedianArea_px,-0.18504374800871998,0.3365562673430414,0.18504374800871998
malignant_vs_non_malignant,Malignant vs non-malignant,Median,LowObj_MeanCircularity,0.28483431784032,0.13422943032251908,0.28483431784032
malignant_vs_non_malignant,Malignant vs non-malignant,Median,LowObj_MeanSolidity,0.42133796151119995,0.022827059001162855,0.42133796151119995
malignant_vs_non_malignant,Malignant vs non-malignant,Median,LowObj_MeanEccentricity,0.017247752810400002,0.9292386618057789,0.017247752810400002
malignant_vs_non_malignant,Malignant vs non-malignant,Median,LowObj_MeanAspectRatio,-0.05691758427432,0.7693190372362069,0.05691758427432
malignant_vs_non_malignant,Malignant vs non-malignant,Median,LowObj_TotalAreaRatio_filtered,-0.44252805782112,0.01622272797470508,0.44252805782112
malignant_vs_non_malignant,Malignant vs non-malignant,Min,Max,-0.18514796051928453,0.3362794001166424,0.18514796051928453
malignant_vs_non_malignant,Malignant vs non-malignant,Min,P10,0.39016768621174697,0.036399163144363124,0.39016768621174697
malignant_vs_non_malignant,Malignant vs non-malignant,Min,P25,0.22137239396685138,0.2484685452842707,0.22137239396685138
malignant_vs_non_malignant,Malignant vs non-malignant,Min,P75,0.18764995998576137,0.32967373613433515,0.18764995998576137
malignant_vs_non_malignant,Malignant vs non-malignant,Min,P90,0.13505804522714315,0.48484690242828365,0.13505804522714315
malignant_vs_non_malignant,Malignant vs non-malignant,Min,IQR,-0.23635157914750057,0.21705918275449249,0.23635157914750057
malignant_vs_non_malignant,Malignant vs non-malignant,Min,Skewness,-0.17007309398973583,0.3777574884565999,0.17007309398973583
malignant_vs_non_malignant,Malignant vs non-malignant,Min,Kurtosis,0.28074565882864483,0.14015478751450267,0.28074565882864483
malignant_vs_non_malignant,Malignant vs non-malignant,Min,GrayEntropy,-0.23322523550798335,0.22338062220795218,0.23322523550798335
malignant_vs_non_malignant,Malignant vs non-malignant,Min,GLCM_contrast,-0.24385480388234185,0.2023862765335646,0.24385480388234185
malignant_vs_non_malignant,Malignant vs non-malignant,Min,GLCM_dissimilarity,-0.3251397385097891,0.08524578076370146,0.3251397385097891
malignant_vs_non_malignant,Malignant vs non-malignant,Min,GLCM_homogeneity,0.3820391927490022,0.04083886279578557,0.3820391927490022
malignant_vs_non_malignant,Malignant vs non-malignant,Min,GLCM_ASM,0.2701160904542863,0.15644308643660226,0.2701160904542863
malignant_vs_non_malignant,Malignant vs non-malignant,Min,GLCM_energy,0.24885695370556937,0.19299187869898166,0.24885695370556937
malignant_vs_non_malignant,Malignant vs non-malignant,Min,GLCM_correlation,-0.1413107325061776,0.4646634417166712,0.1413107325061776
malignant_vs_non_malignant,Malignant vs non-malignant,Min,GLCM_entropy,-0.30263006430526523,0.11055530786267677,0.30263006430526523
malignant_vs_non_malignant,Malignant vs non-malignant,Min,LowSignalRatio,-0.3645316683677059,0.05187068861193599,0.3645316683677059
malignant_vs_non_malignant,Malignant vs non-malignant,Min,HighSignalRatio,0.10567041501568147,0.5853733363218178,0.10567041501568147
malignant_vs_non_malignant,Malignant vs non-malignant,Min,LowObj_Count,-0.6841282457619644,4.274316777316868e-05,0.6841282457619644
malignant_vs_non_malignant,Malignant vs non-malignant,Min,LowObj_Density_per_10kpx,-0.33451876942834075,0.07611291364582284,0.33451876942834075
malignant_vs_non_malignant,Malignant vs non-malignant,Min,LowObj_MeanArea_px,-0.33264296324463044,0.0778764244089022,0.33264296324463044
malignant_vs_non_malignant,Malignant vs non-malignant,Min,LowObj_MedianArea_px,-0.25260856607299004,0.18614741953639855,0.25260856607299004
malignant_vs_non_malignant,Malignant vs non-malignant,Min,LowObj_MeanCircularity,0.09191450300180577,0.635351494780582,0.09191450300180577
malignant_vs_non_malignant,Malignant vs non-malignant,Min,LowObj_MeanSolidity,-0.04189300476953053,0.8291657589006347,0.04189300476953053
malignant_vs_non_malignant,Malignant vs non-malignant,Min,LowObj_MeanEccentricity,0.20383760529652165,0.2888716890124754,0.20383760529652165
malignant_vs_non_malignant,Malignant vs non-malignant,Min,LowObj_MeanAspectRatio,0.15131503215263262,0.4333097213875243,0.15131503215263262
malignant_vs_non_malignant,Malignant vs non-malignant,Min,LowObj_TotalAreaRatio_filtered,-0.3820391927490022,0.04083886279578557,0.3820391927490022
malignant_vs_non_malignant,Malignant vs non-malignant,Max,P10,-0.14586670948224,0.4502395912116685,0.14586670948224
malignant_vs_non_malignant,Malignant vs non-malignant,Max,P25,0.12333662276903047,0.523855768972895,0.12333662276903047
malignant_vs_non_malignant,Malignant vs non-malignant,Max,P75,0.4714074439240819,0.009839430849236979,0.4714074439240819
malignant_vs_non_malignant,Malignant vs non-malignant,Max,P90,0.5413330417778399,0.002424929167487535,0.5413330417778399
malignant_vs_non_malignant,Malignant vs non-malignant,Max,IQR,0.45139833069504,0.013974225006756835,0.45139833069504
malignant_vs_non_malignant,Malignant vs non-malignant,Max,Skewness,0.03350991974591999,0.8629919326183256,0.03350991974591999
malignant_vs_non_malignant,Malignant vs non-malignant,Max,Kurtosis,-0.17543428572863998,0.36267824266412246,0.17543428572863998
malignant_vs_non_malignant,Malignant vs non-malignant,Max,GrayEntropy,0.6812862360108,4.73216000446712e-05,0.6812862360108
malignant_vs_non_malignant,Malignant vs non-malignant,Max,GLCM_contrast,0.7798448234987999,6.138079805020324e-07,0.7798448234987999
malignant_vs_non_malignant,Malignant vs non-malignant,Max,GLCM_dissimilarity,0.7840335634670399,4.865207992379341e-07,0.7840335634670399
malignant_vs_non_malignant,Malignant vs non-malignant,Max,GLCM_homogeneity,-0.7598867095324799,1.740882890581724e-06,0.7598867095324799
malignant_vs_non_malignant,Malignant vs non-malignant,Max,GLCM_ASM,-0.7554515730955199,2.165461539251646e-06,0.7554515730955199
malignant_vs_non_malignant,Malignant vs non-malignant,Max,GLCM_energy,-0.7635826565632798,1.446239163897862e-06,0.7635826565632798
malignant_vs_non_malignant,Malignant vs non-malignant,Max,GLCM_correlation,0.10989282504911999,0.5703860647606978,0.10989282504911999
malignant_vs_non_malignant,Malignant vs non-malignant,Max,GLCM_entropy,0.7943822151532799,2.6791630062944665e-07,0.7943822151532799
malignant_vs_non_malignant,Malignant vs non-malignant,Max,LowSignalRatio,0.17666626807223998,0.35926404689005137,0.17666626807223998
malignant_vs_non_malignant,Malignant vs non-malignant,Max,HighSignalRatio,0.53689790534088,0.0026740476296237144,0.53689790534088
malignant_vs_non_malignant,Malignant vs non-malignant,Max,LowObj_Count,-0.028215870743364613,0.8844803176929075,0.028215870743364613
malignant_vs_non_malignant,Malignant vs non-malignant,Max,LowObj_Density_per_10kpx,-0.01823333868528,0.9252060461737945,0.01823333868528
malignant_vs_non_malignant,Malignant vs non-malignant,Max,LowObj_MeanArea_px,0.29000864368344,0.12699527215376474,0.29000864368344
malignant_vs_non_malignant,Malignant vs non-malignant,Max,LowObj_MedianArea_px,0.26290503212424,0.16823687503378842,0.26290503212424
malignant_vs_non_malignant,Malignant vs non-malignant,Max,LowObj_MeanCircularity,-0.30257486358815994,0.11062357318382435,0.30257486358815994
malignant_vs_non_malignant,Malignant vs non-malignant,Max,LowObj_MeanSolidity,-0.09708020867567999,0.6163832514616817,0.09708020867567999
malignant_vs_non_malignant,Malignant vs non-malignant,Max,LowObj_MeanEccentricity,-0.05075767255632,0.7937197331616752,0.05075767255632
malignant_vs_non_malignant,Malignant vs non-malignant,Max,LowObj_MeanAspectRatio,-0.05100406902504,0.7927398738262893,0.05100406902504
malignant_vs_non_malignant,Malignant vs non-malignant,Max,LowObj_TotalAreaRatio_filtered,0.19563879616368,0.309117405884265,0.19563879616368
malignant_vs_non_malignant,Malignant vs non-malignant,P10,P25,0.8535533997493756,3.984040212110943e-09,0.8535533997493756
malignant_vs_non_malignant,Malignant vs non-malignant,P10,P75,0.31661946230519994,0.09424573779369826,0.31661946230519994
malignant_vs_non_malignant,Malignant vs non-malignant,P10,P90,0.25467980295566495,0.18244201834335003,0.25467980295566495
malignant_vs_non_malignant,Malignant vs non-malignant,P10,IQR,-0.6566502463054186,0.00010938606169737303,0.6566502463054186
malignant_vs_non_malignant,Malignant vs non-malignant,P10,Skewness,-0.685221674876847,4.1089896398757386e-05,0.685221674876847
malignant_vs_non_malignant,Malignant vs non-malignant,P10,Kurtosis,0.7674876847290638,1.1846151848415483e-06,0.7674876847290638
malignant_vs_non_malignant,Malignant vs non-malignant,P10,GrayEntropy,-0.3251231527093595,0.08526263910954714,0.3251231527093595
malignant_vs_non_malignant,Malignant vs non-malignant,P10,GLCM_contrast,-0.4251231527093595,0.021508225538002232,0.4251231527093595
malignant_vs_non_malignant,Malignant vs non-malignant,P10,GLCM_dissimilarity,-0.4162561576354679,0.024701085316255183,0.4162561576354679
malignant_vs_non_malignant,Malignant vs non-malignant,P10,GLCM_homogeneity,0.30197044334975365,0.11137309913684668,0.30197044334975365
malignant_vs_non_malignant,Malignant vs non-malignant,P10,GLCM_ASM,0.016256157635467977,0.93329759520479,0.016256157635467977
malignant_vs_non_malignant,Malignant vs non-malignant,P10,GLCM_energy,0.04334975369458127,0.8233163121901836,0.04334975369458127
malignant_vs_non_malignant,Malignant vs non-malignant,P10,GLCM_correlation,-0.19802955665024624,0.30312463715068405,0.19802955665024624
malignant_vs_non_malignant,Malignant vs non-malignant,P10,GLCM_entropy,-0.3546798029556649,0.05904032561343765,0.3546798029556649
malignant_vs_non_malignant,Malignant vs non-malignant,P10,LowSignalRatio,-0.9857142857142855,2.000337664218142e-22,0.9857142857142855
malignant_vs_non_malignant,Malignant vs non-malignant,P10,HighSignalRatio,0.18275862068965515,0.3426620181383207,0.18275862068965515
malignant_vs_non_malignant,Malignant vs non-malignant,P10,LowObj_Count,-0.623229466483671,0.0003045114467259402,0.623229466483671
malignant_vs_non_malignant,Malignant vs non-malignant,P10,LowObj_Density_per_10kpx,-0.6793103448275861,5.0757719859423286e-05,0.6793103448275861
malignant_vs_non_malignant,Malignant vs non-malignant,P10,LowObj_MeanArea_px,-0.72807881773399,7.5806250168173936e-06,0.72807881773399
malignant_vs_non_malignant,Malignant vs non-malignant,P10,LowObj_MedianArea_px,-0.7605911330049259,1.6808581280530855e-06,0.7605911330049259
malignant_vs_non_malignant,Malignant vs non-malignant,P10,LowObj_MeanCircularity,0.6167487684729063,0.00036645373772986676,0.6167487684729063
malignant_vs_non_malignant,Malignant vs non-malignant,P10,LowObj_MeanSolidity,0.2985221674876847,0.11572166984262854,0.2985221674876847
malignant_vs_non_malignant,Malignant vs non-malignant,P10,LowObj_MeanEccentricity,0.22463054187192114,0.24139457634527842,0.22463054187192114
malignant_vs_non_malignant,Malignant vs non-malignant,P10,LowObj_MeanAspectRatio,0.10935960591133002,0.5722691529714519,0.10935960591133002
malignant_vs_non_malignant,Malignant vs non-malignant,P10,LowObj_TotalAreaRatio_filtered,-0.9852216748768471,3.152204435887857e-22,0.9852216748768471
malignant_vs_non_malignant,Malignant vs non-malignant,P25,P75,0.6301133754653565,0.0002490086698889352,0.6301133754653565
malignant_vs_non_malignant,Malignant vs non-malignant,P25,P90,0.582830402253109,0.0009072539326401818,0.582830402253109
malignant_vs_non_malignant,Malignant vs non-malignant,P25,IQR,-0.33008991505459256,0.0803268353361401,0.33008991505459256
malignant_vs_non_malignant,Malignant vs non-malignant,P25,Skewness,-0.8432072979342317,9.387555588143688e-09,0.8432072979342317
malignant_vs_non_malignant,Malignant vs non-malignant,P25,Kurtosis,0.5436630168100641,0.0023022692632763955,0.5436630168100641
malignant_vs_non_malignant,Malignant vs non-malignant,P25,GrayEntropy,0.031777312717942124,0.8700147672817055,0.031777312717942124
malignant_vs_non_malignant,Malignant vs non-malignant,P25,GLCM_contrast,-0.15198916237961463,0.43123940610852673,0.15198916237961463
malignant_vs_non_malignant,Malignant vs non-malignant,P25,GLCM_dissimilarity,-0.1613499211647449,0.4030566073561544,0.1613499211647449
malignant_vs_non_malignant,Malignant vs non-malignant,P25,GLCM_homogeneity,0.10863406905901145,0.574835883838205,0.10863406905901145
malignant_vs_non_malignant,Malignant vs non-malignant,P25,GLCM_ASM,-0.2689986471937426,0.15823084192560816,0.2689986471937426
malignant_vs_non_malignant,Malignant vs non-malignant,P25,GLCM_energy,-0.2480601078059513,0.19446780441449693,0.2480601078059513
malignant_vs_non_malignant,Malignant vs non-malignant,P25,GLCM_correlation,0.032269984232948974,0.8680167974937798,0.032269984232948974
malignant_vs_non_malignant,Malignant vs non-malignant,P25,GLCM_entropy,0.0004926715150068545,0.9979762417593253,0.0004926715150068545
malignant_vs_non_malignant,Malignant vs non-malignant,P25,LowSignalRatio,-0.8565094288394167,3.081370666870818e-09,0.8565094288394167
malignant_vs_non_malignant,Malignant vs non-malignant,P25,HighSignalRatio,0.5173050907571973,0.004056118442074484,0.5173050907571973
malignant_vs_non_malignant,Malignant vs non-malignant,P25,LowObj_Count,-0.4944567627494457,0.006399928636635327,0.4944567627494457
malignant_vs_non_malignant,Malignant vs non-malignant,P25,LowObj_Density_per_10kpx,-0.6848134058595278,4.170039649582282e-05,0.6848134058595278
malignant_vs_non_malignant,Malignant vs non-malignant,P25,LowObj_MeanArea_px,-0.5407069877200229,0.002458832385649608,0.5407069877200229
malignant_vs_non_malignant,Malignant vs non-malignant,P25,LowObj_MedianArea_px,-0.5155807404546734,0.004202728355057352,0.5155807404546734
malignant_vs_non_malignant,Malignant vs non-malignant,P25,LowObj_MeanCircularity,0.44956275744375485,0.014416884606507613,0.44956275744375485
malignant_vs_non_malignant,Malignant vs non-malignant,P25,LowObj_MeanSolidity,0.3197438132394486,0.09086572280528114,0.3197438132394486
malignant_vs_non_malignant,Malignant vs non-malignant,P25,LowObj_MeanEccentricity,0.23894568477832445,0.21190692757746402,0.23894568477832445
malignant_vs_non_malignant,Malignant vs non-malignant,P25,LowObj_MeanAspectRatio,0.12341421450921708,0.5235926518451367,0.12341421450921708
malignant_vs_non_malignant,Malignant vs non-malignant,P25,LowObj_TotalAreaRatio_filtered,-0.829658831271543,2.6399656666612154e-08,0.829658831271543
malignant_vs_non_malignant,Malignant vs non-malignant,P75,P90,0.9712948796942399,2.2677270759606994e-18,0.9712948796942399
malignant_vs_non_malignant,Malignant vs non-malignant,P75,IQR,0.36244920548712,0.05332580390723551,0.36244920548712
malignant_vs_non_malignant,Malignant vs non-malignant,P75,Skewness,-0.5763213403360798,0.001067681275196602,0.5763213403360798
malignant_vs_non_malignant,Malignant vs non-malignant,P75,Kurtosis,-0.11038561798656,0.5686482242772004,0.11038561798656
malignant_vs_non_malignant,Malignant vs non-malignant,P75,GrayEntropy,0.5768141332735199,0.0010547251519948226,0.5768141332735199
malignant_vs_non_malignant,Malignant vs non-malignant,P75,GLCM_contrast,0.29370459071424,0.12200609404600703,0.29370459071424
malignant_vs_non_malignant,Malignant vs non-malignant,P75,GLCM_dissimilarity,0.29345819424551994,0.12233414005431684,0.29345819424551994
malignant_vs_non_malignant,Malignant vs non-malignant,P75,GLCM_homogeneity,-0.2875446789962399,0.13040355122227157,0.2875446789962399
malignant_vs_non_malignant,Malignant vs non-malignant,P75,GLCM_ASM,-0.4871258186594399,0.007361256574349333,0.4871258186594399
malignant_vs_non_malignant,Malignant vs non-malignant,P75,GLCM_energy,-0.5053591573447199,0.005168149593471482,0.5053591573447199
malignant_vs_non_malignant,Malignant vs non-malignant,P75,GLCM_correlation,0.39940867579511996,0.03183181218754382,0.39940867579511996
malignant_vs_non_malignant,Malignant vs non-malignant,P75,GLCM_entropy,0.5327091653726399,0.0029292538614867506,0.5327091653726399
malignant_vs_non_malignant,Malignant vs non-malignant,P75,LowSignalRatio,-0.34323028092696,0.06832234439513803,0.34323028092696
malignant_vs_non_malignant,Malignant vs non-malignant,P75,HighSignalRatio,0.9493655939781601,4.234041285894689e-15,0.9493655939781601
malignant_vs_non_malignant,Malignant vs non-malignant,P75,LowObj_Count,-0.3411779305169284,0.07009951479883753,0.3411779305169284
malignant_vs_non_malignant,Malignant vs non-malignant,P75,LowObj_Density_per_10kpx,-0.33854874802128,0.07242818982714658,0.33854874802128
malignant_vs_non_malignant,Malignant vs non-malignant,P75,LowObj_MeanArea_px,-0.15621536116848,0.41838432444358037,0.15621536116848
malignant_vs_non_malignant,Malignant vs non-malignant,P75,LowObj_MedianArea_px,-0.01995811396632,0.9181533871307983,0.01995811396632
malignant_vs_non_malignant,Malignant vs non-malignant,P75,LowObj_MeanCircularity,0.15325860354384,0.42735556212352444,0.15325860354384
malignant_vs_non_malignant,Malignant vs non-malignant,P75,LowObj_MeanSolidity,0.40827894866903996,0.02789475012479336,0.40827894866903996
malignant_vs_non_malignant,Malignant vs non-malignant,P75,LowObj_MeanEccentricity,-0.00073918940616,0.9969636183263386,0.00073918940616
malignant_vs_non_malignant,Malignant vs non-malignant,P75,LowObj_MeanAspectRatio,-0.06209191011744,0.748986659823837,0.06209191011744
malignant_vs_non_malignant,Malignant vs non-malignant,P75,LowObj_TotalAreaRatio_filtered,-0.30060369183839997,0.11308189850890393,0.30060369183839997
malignant_vs_non_malignant,Malignant vs non-malignant,P90,IQR,0.4458128078817733,0.015357494291978602,0.4458128078817733
malignant_vs_non_malignant,Malignant vs non-malignant,P90,Skewness,-0.4551724137931034,0.013099547109568599,0.4551724137931034
malignant_vs_non_malignant,Malignant vs non-malignant,P90,Kurtosis,-0.17241379310344823,0.3711296288169922,0.17241379310344823
malignant_vs_non_malignant,Malignant vs non-malignant,P90,GrayEntropy,0.6566502463054186,0.00010938606169737303,0.6566502463054186
malignant_vs_non_malignant,Malignant vs non-malignant,P90,GLCM_contrast,0.31330049261083737,0.09793950382296855,0.31330049261083737
malignant_vs_non_malignant,Malignant vs non-malignant,P90,GLCM_dissimilarity,0.3162561576354679,0.09464485683549012,0.3162561576354679
malignant_vs_non_malignant,Malignant vs non-malignant,P90,GLCM_homogeneity,-0.29655172413793096,0.11826239800434293,0.29655172413793096
malignant_vs_non_malignant,Malignant vs non-malignant,P90,GLCM_ASM,-0.5467980295566501,0.0021457010889615004,0.5467980295566501
malignant_vs_non_malignant,Malignant vs non-malignant,P90,GLCM_energy,-0.5635467980295564,0.0014556101120546997,0.5635467980295564
malignant_vs_non_malignant,Malignant vs non-malignant,P90,GLCM_correlation,0.5064039408866994,0.00506151304828057,0.5064039408866994
malignant_vs_non_malignant,Malignant vs non-malignant,P90,GLCM_entropy,0.5960591133004925,0.0006447143218994348,0.5960591133004925
malignant_vs_non_malignant,Malignant vs non-malignant,P90,LowSignalRatio,-0.2866995073891625,0.13158790962541203,0.2866995073891625
malignant_vs_non_malignant,Malignant vs non-malignant,P90,HighSignalRatio,0.9807881773399012,1.0606233983402473e-20,0.9807881773399012
malignant_vs_non_malignant,Malignant vs non-malignant,P90,LowObj_Count,-0.25150880841099926,0.18813603834016948,0.25150880841099926
malignant_vs_non_malignant,Malignant vs non-malignant,P90,LowObj_Density_per_10kpx,-0.35714285714285704,0.057179118127155,0.35714285714285704
malignant_vs_non_malignant,Malignant vs non-malignant,P90,LowObj_MeanArea_px,-0.04236453201970442,0.8272713891402577,0.04236453201970442
malignant_vs_non_malignant,Malignant vs non-malignant,P90,LowObj_MedianArea_px,0.051231527093596047,0.7918356018479649,0.051231527093596047
malignant_vs_non_malignant,Malignant vs non-malignant,P90,LowObj_MeanCircularity,0.10443349753694578,0.5897961468263401,0.10443349753694578
malignant_vs_non_malignant,Malignant vs non-malignant,P90,LowObj_MeanSolidity,0.38177339901477825,0.0409910253908938,0.38177339901477825
malignant_vs_non_malignant,Malignant vs non-malignant,P90,LowObj_MeanEccentricity,-0.023152709359605905,0.9051070089900931,0.023152709359605905
malignant_vs_non_malignant,Malignant vs non-malignant,P90,LowObj_MeanAspectRatio,-0.07044334975369455,0.7165196355923088,0.07044334975369455
malignant_vs_non_malignant,Malignant vs non-malignant,P90,LowObj_TotalAreaRatio_filtered,-0.24532019704433491,0.19960223136798566,0.24532019704433491
malignant_vs_non_malignant,Malignant vs non-malignant,IQR,Skewness,0.2699507389162561,0.15670671135883546,0.2699507389162561
malignant_vs_non_malignant,Malignant vs non-malignant,IQR,Kurtosis,-0.889655172413793,1.0901011197246783e-10,0.889655172413793
malignant_vs_non_malignant,Malignant vs non-malignant,IQR,GrayEntropy,0.8024630541871919,1.641792744300337e-07,0.8024630541871919
malignant_vs_non_malignant,Malignant vs non-malignant,IQR,GLCM_contrast,0.5192118226600984,0.0038991162924992507,0.5192118226600984
malignant_vs_non_malignant,Malignant vs non-malignant,IQR,GLCM_dissimilarity,0.5384236453201969,0.0025859710442847537,0.5384236453201969
malignant_vs_non_malignant,Malignant vs non-malignant,IQR,GLCM_homogeneity,-0.4448275862068965,0.01561289285238828,0.4448275862068965
malignant_vs_non_malignant,Malignant vs non-malignant,IQR,GLCM_ASM,-0.47093596059113285,0.009923433751931348,0.47093596059113285
malignant_vs_non_malignant,Malignant vs non-malignant,IQR,GLCM_energy,-0.502463054187192,0.0054737973820547904,0.502463054187192
malignant_vs_non_malignant,Malignant vs non-malignant,IQR,GLCM_correlation,0.6320197044334973,0.00023531295015146806,0.6320197044334973
malignant_vs_non_malignant,Malignant vs non-malignant,IQR,GLCM_entropy,0.7576354679802954,1.9459351425042223e-06,0.7576354679802954
malignant_vs_non_malignant,Malignant vs non-malignant,IQR,LowSignalRatio,0.6083743842364531,0.0004627683702293399,0.6083743842364531
malignant_vs_non_malignant,Malignant vs non-malignant,IQR,HighSignalRatio,0.49064039408866983,0.006886161359094502,0.49064039408866983
malignant_vs_non_malignant,Malignant vs non-malignant,IQR,LowObj_Count,0.43749230532608685,0.01762732418380935,0.43749230532608685
malignant_vs_non_malignant,Malignant vs non-malignant,IQR,LowObj_Density_per_10kpx,0.3940886699507388,0.03440085141654186,0.3940886699507388
malignant_vs_non_malignant,Malignant vs non-malignant,IQR,LowObj_MeanArea_px,0.5339901477832512,0.0028490744052535114,0.5339901477832512
malignant_vs_non_malignant,Malignant vs non-malignant,IQR,LowObj_MedianArea_px,0.7019704433497536,2.1976534563872705e-05,0.7019704433497536
malignant_vs_non_malignant,Malignant vs non-malignant,IQR,LowObj_MeanCircularity,-0.35714285714285704,0.057179118127155,0.35714285714285704
malignant_vs_non_malignant,Malignant vs non-malignant,IQR,LowObj_MeanSolidity,0.13596059113300488,0.481906150169056,0.13596059113300488
malignant_vs_non_malignant,Malignant vs non-malignant,IQR,LowObj_MeanEccentricity,-0.26256157635467975,0.16881387476708334,0.26256157635467975
malignant_vs_non_malignant,Malignant vs non-malignant,IQR,LowObj_MeanAspectRatio,-0.17881773399014775,0.3533475597381152,0.17881773399014775
malignant_vs_non_malignant,Malignant vs non-malignant,IQR,LowObj_TotalAreaRatio_filtered,0.6394088669950737,0.00018830497522775313,0.6394088669950737
malignant_vs_non_malignant,Malignant vs non-malignant,Skewness,Kurtosis,-0.434975369458128,0.01836614880893513,0.434975369458128
malignant_vs_non_malignant,Malignant vs non-malignant,Skewness,GrayEntropy,0.08128078817733987,0.6751054297450856,0.08128078817733987
malignant_vs_non_malignant,Malignant vs non-malignant,Skewness,GLCM_contrast,0.08620689655172412,0.6565747784414953,0.08620689655172412
malignant_vs_non_malignant,Malignant vs non-malignant,Skewness,GLCM_dissimilarity,0.11871921182266006,0.5396277981937891,0.11871921182266006
malignant_vs_non_malignant,Malignant vs non-malignant,Skewness,GLCM_homogeneity,-0.05911330049261083,0.7606718835048377,0.05911330049261083
malignant_vs_non_malignant,Malignant vs non-malignant,Skewness,GLCM_ASM,0.09753694581280786,0.6147174662977373,0.09753694581280786
malignant_vs_non_malignant,Malignant vs non-malignant,Skewness,GLCM_energy,0.07832512315270934,0.6863145172907232,0.07832512315270934
malignant_vs_non_malignant,Malignant vs non-malignant,Skewness,GLCM_correlation,0.06847290640394087,0.7241388522077759,0.06847290640394087
malignant_vs_non_malignant,Malignant vs non-malignant,Skewness,GLCM_entropy,0.05369458128078817,0.7820607393959157,0.05369458128078817
malignant_vs_non_malignant,Malignant vs non-malignant,Skewness,LowSignalRatio,0.6935960591133004,3.0205600970397656e-05,0.6935960591133004
malignant_vs_non_malignant,Malignant vs non-malignant,Skewness,HighSignalRatio,-0.40689655172413786,0.02848086393722065,0.40689655172413786
malignant_vs_non_malignant,Malignant vs non-malignant,Skewness,LowObj_Count,0.33600197323467484,0.07474037772868884,0.33600197323467484
malignant_vs_non_malignant,Malignant vs non-malignant,Skewness,LowObj_Density_per_10kpx,0.35862068965517235,0.05608467931916483,0.35862068965517235
malignant_vs_non_malignant,Malignant vs non-malignant,Skewness,LowObj_MeanArea_px,0.6088669950738915,0.0004565417599225378,0.6088669950738915
malignant_vs_non_malignant,Malignant vs non-malignant,Skewness,LowObj_MedianArea_px,0.431527093596059,0.019419670666215635,0.431527093596059
malignant_vs_non_malignant,Malignant vs non-malignant,Skewness,LowObj_MeanCircularity,-0.5172413793103448,0.004061456506390686,0.5172413793103448
malignant_vs_non_malignant,Malignant vs non-malignant,Skewness,LowObj_MeanSolidity,-0.4374384236453201,0.017642879396893737,0.4374384236453201
malignant_vs_non_malignant,Malignant vs non-malignant,Skewness,LowObj_MeanEccentricity,-0.12068965517241378,0.5328698744250625,0.12068965517241378
malignant_vs_non_malignant,Malignant vs non-malignant,Skewness,LowObj_MeanAspectRatio,0.014285714285714282,0.9413680442169833,0.014285714285714282
malignant_vs_non_malignant,Malignant vs non-malignant,Skewness,LowObj_TotalAreaRatio_filtered,0.6591133004926107,0.00010093759734823464,0.6591133004926107
malignant_vs_non_malignant,Malignant vs non-malignant,Kurtosis,GrayEntropy,-0.6359605911330048,0.0002090923270270822,0.6359605911330048
malignant_vs_non_malignant,Malignant vs non-malignant,Kurtosis,GLCM_contrast,-0.35221674876847286,0.06094861599375507,0.35221674876847286
malignant_vs_non_malignant,Malignant vs non-malignant,Kurtosis,GLCM_dissimilarity,-0.3955665024630541,0.03367101375366581,0.3955665024630541
malignant_vs_non_malignant,Malignant vs non-malignant,Kurtosis,GLCM_homogeneity,0.30197044334975365,0.11137309913684668,0.30197044334975365
malignant_vs_non_malignant,Malignant vs non-malignant,Kurtosis,GLCM_ASM,0.28275862068965507,0.13721430216343844,0.28275862068965507
malignant_vs_non_malignant,Malignant vs non-malignant,Kurtosis,GLCM_energy,0.31330049261083737,0.09793950382296855,0.31330049261083737
malignant_vs_non_malignant,Malignant vs non-malignant,Kurtosis,GLCM_correlation,-0.5522167487684727,0.0018967092690696736,0.5522167487684727
malignant_vs_non_malignant,Malignant vs non-malignant,Kurtosis,GLCM_entropy,-0.5709359605911328,0.0012185666974231766,0.5709359605911328
malignant_vs_non_malignant,Malignant vs non-malignant,Kurtosis,LowSignalRatio,-0.7221674876847289,9.746241134339892e-06,0.7221674876847289
malignant_vs_non_malignant,Malignant vs non-malignant,Kurtosis,HighSignalRatio,-0.20788177339901473,0.2792032538667823,0.20788177339901473
malignant_vs_non_malignant,Malignant vs non-malignant,Kurtosis,LowObj_Count,-0.46902328228652557,0.010270413238455319,0.46902328228652557
malignant_vs_non_malignant,Malignant vs non-malignant,Kurtosis,LowObj_Density_per_10kpx,-0.4812807881773397,0.008212707805216645,0.4812807881773397
malignant_vs_non_malignant,Malignant vs non-malignant,Kurtosis,LowObj_MeanArea_px,-0.599014778325123,0.000596125003732856,0.599014778325123
malignant_vs_non_malignant,Malignant vs non-malignant,Kurtosis,LowObj_MedianArea_px,-0.7502463054187191,2.781636969937914e-06,0.7502463054187191
malignant_vs_non_malignant,Malignant vs non-malignant,Kurtosis,LowObj_MeanCircularity,0.4615763546798029,0.011719887624603546,0.4615763546798029
malignant_vs_non_malignant,Malignant vs non-malignant,Kurtosis,LowObj_MeanSolidity,0.015763546798029552,0.9353146320725749,0.015763546798029552
malignant_vs_non_malignant,Malignant vs non-malignant,Kurtosis,LowObj_MeanEccentricity,0.19310344827586204,0.3155526922331799,0.19310344827586204
malignant_vs_non_malignant,Malignant vs non-malignant,Kurtosis,LowObj_MeanAspectRatio,0.10443349753694578,0.5897961468263401,0.10443349753694578
malignant_vs_non_malignant,Malignant vs non-malignant,Kurtosis,LowObj_TotalAreaRatio_filtered,-0.73743842364532,5.024544943878717e-06,0.73743842364532
malignant_vs_non_malignant,Malignant vs non-malignant,GrayEntropy,GLCM_contrast,0.5389162561576353,0.0025580731078902654,0.5389162561576353
malignant_vs_non_malignant,Malignant vs non-malignant,GrayEntropy,GLCM_dissimilarity,0.586206896551724,0.000832649534430012,0.586206896551724
malignant_vs_non_malignant,Malignant vs non-malignant,GrayEntropy,GLCM_homogeneity,-0.5763546798029556,0.0010668003867904082,0.5763546798029556
malignant_vs_non_malignant,Malignant vs non-malignant,GrayEntropy,GLCM_ASM,-0.8369458128078816,1.5315252544711327e-08,0.8369458128078816
malignant_vs_non_malignant,Malignant vs non-malignant,GrayEntropy,GLCM_energy,-0.8576354679802953,2.789896210345672e-09,0.8576354679802953
malignant_vs_non_malignant,Malignant vs non-malignant,GrayEntropy,GLCM_correlation,0.5689655172413792,0.0012782351326531046,0.5689655172413792
malignant_vs_non_malignant,Malignant vs non-malignant,GrayEntropy,GLCM_entropy,0.9379310344827584,6.178943941456962e-14,0.9379310344827584
malignant_vs_non_malignant,Malignant vs non-malignant,GrayEntropy,LowSignalRatio,0.29999999999999993,0.11384284390394704,0.29999999999999993
malignant_vs_non_malignant,Malignant vs non-malignant,GrayEntropy,HighSignalRatio,0.6443349753694579,0.00016178284960715182,0.6443349753694579
malignant_vs_non_malignant,Malignant vs non-malignant,GrayEntropy,LowObj_Count,0.2512624726534958,0.1885834894559355,0.2512624726534958
malignant_vs_non_malignant,Malignant vs non-malignant,GrayEntropy,LowObj_Density_per_10kpx,0.1088669950738916,0.5740113022086787,0.1088669950738916
malignant_vs_non_malignant,Malignant vs non-malignant,GrayEntropy,LowObj_MeanArea_px,0.42216748768472895,0.022532512397452388,0.42216748768472895
malignant_vs_non_malignant,Malignant vs non-malignant,GrayEntropy,LowObj_MedianArea_px,0.5394088669950737,0.0025304348958076566,0.5394088669950737
malignant_vs_non_malignant,Malignant vs non-malignant,GrayEntropy,LowObj_MeanCircularity,-0.37931034482758613,0.042422732270212885,0.37931034482758613
malignant_vs_non_malignant,Malignant vs non-malignant,GrayEntropy,LowObj_MeanSolidity,-0.030049261083743836,0.8770287826136491,0.030049261083743836
malignant_vs_non_malignant,Malignant vs non-malignant,GrayEntropy,LowObj_MeanEccentricity,-0.05467980295566501,0.7781597772035429,0.05467980295566501
malignant_vs_non_malignant,Malignant vs non-malignant,GrayEntropy,LowObj_MeanAspectRatio,-0.010344827586206895,0.9575252090147449,0.010344827586206895
malignant_vs_non_malignant,Malignant vs non-malignant,GrayEntropy,LowObj_TotalAreaRatio_filtered,0.33103448275862063,0.07941345176271478,0.33103448275862063
malignant_vs_non_malignant,Malignant vs non-malignant,GLCM_contrast,GLCM_dissimilarity,0.9738916256157631,6.401906702643612e-19,0.9738916256157631
malignant_vs_non_malignant,Malignant vs non-malignant,GLCM_contrast,GLCM_homogeneity,-0.891133004926108,9.169319041102097e-11,0.891133004926108
malignant_vs_non_malignant,Malignant vs non-malignant,GLCM_contrast,GLCM_ASM,-0.5467980295566501,0.0021457010889615004,0.5467980295566501
malignant_vs_non_malignant,Malignant vs non-malignant,GLCM_contrast,GLCM_energy,-0.5610837438423644,0.0015430561535325167,0.5610837438423644
malignant_vs_non_malignant,Malignant vs non-malignant,GLCM_contrast,GLCM_correlation,-0.15517241379310343,0.4215367741534132,0.15517241379310343
malignant_vs_non_malignant,Malignant vs non-malignant,GLCM_contrast,GLCM_entropy,0.7536945812807879,2.3580532196644784e-06,0.7536945812807879
malignant_vs_non_malignant,Malignant vs non-malignant,GLCM_contrast,LowSignalRatio,0.4344827586206896,0.018513698421556767,0.4344827586206896
malignant_vs_non_malignant,Malignant vs non-malignant,GLCM_contrast,HighSignalRatio,0.33349753694581274,0.0770691597833538,0.33349753694581274
malignant_vs_non_malignant,Malignant vs non-malignant,GLCM_contrast,LowObj_Count,0.14238206783698099,0.4612500533024436,0.14238206783698099
malignant_vs_non_malignant,Malignant vs non-malignant,GLCM_contrast,LowObj_Density_per_10kpx,0.38916256157635454,0.03692615333832454,0.38916256157635454
malignant_vs_non_malignant,Malignant vs non-malignant,GLCM_contrast,LowObj_MeanArea_px,0.25369458128078815,0.18419807423105045,0.25369458128078815
malignant_vs_non_malignant,Malignant vs non-malignant,GLCM_contrast,LowObj_MedianArea_px,0.33990147783251223,0.07122272800428853,0.33990147783251223
malignant_vs_non_malignant,Malignant vs non-malignant,GLCM_contrast,LowObj_MeanCircularity,-0.3453201970443349,0.06654873718463239,0.3453201970443349
malignant_vs_non_malignant,Malignant vs non-malignant,GLCM_contrast,LowObj_MeanSolidity,-0.20049261083743838,0.2970273885373561,0.20049261083743838
malignant_vs_non_malignant,Malignant vs non-malignant,GLCM_contrast,LowObj_MeanEccentricity,-0.005911330049261082,0.9757214025483677,0.005911330049261082
malignant_vs_non_malignant,Malignant vs non-malignant,GLCM_contrast,LowObj_MeanAspectRatio,0.012807881773399012,0.9474246528208811,0.012807881773399012
malignant_vs_non_malignant,Malignant vs non-malignant,GLCM_contrast,LowObj_TotalAreaRatio_filtered,0.4532019704433496,0.013550339998334163,0.4532019704433496
malignant_vs_non_malignant,Malignant vs non-malignant,GLCM_dissimilarity,GLCM_homogeneity,-0.9512315270935957,2.5789156228021074e-15,0.9512315270935957
malignant_vs_non_malignant,Malignant vs non-malignant,GLCM_dissimilarity,GLCM_ASM,-0.615270935960591,0.000382042036003076,0.615270935960591
malignant_vs_non_malignant,Malignant vs non-malignant,GLCM_dissimilarity,GLCM_energy,-0.630541871921182,0.0002458703343001818,0.630541871921182
malignant_vs_non_malignant,Malignant vs non-malignant,GLCM_dissimilarity,GLCM_correlation,-0.1403940886699507,0.46759445330113825,0.1403940886699507
malignant_vs_non_malignant,Malignant vs non-malignant,GLCM_dissimilarity,GLCM_entropy,0.7995073891625614,1.9688645163846027e-07,0.7995073891625614
malignant_vs_non_malignant,Malignant vs non-malignant,GLCM_dissimilarity,LowSignalRatio,0.4142857142857142,0.025460715099270073,0.4142857142857142
malignant_vs_non_malignant,Malignant vs non-malignant,GLCM_dissimilarity,HighSignalRatio,0.33201970443349743,0.07846926218790098,0.33201970443349743
malignant_vs_non_malignant,Malignant vs non-malignant,GLCM_dissimilarity,LowObj_Count,0.17317403752490937,0.36899167861832294,0.17317403752490937
malignant_vs_non_malignant,Malignant vs non-malignant,GLCM_dissimilarity,LowObj_Density_per_10kpx,0.40985221674876837,0.027239676114376526,0.40985221674876837
malignant_vs_non_malignant,Malignant vs non-malignant,GLCM_dissimilarity,LowObj_MeanArea_px,0.22266009852216745,0.24565656775540343,0.22266009852216745
malignant_vs_non_malignant,Malignant vs non-malignant,GLCM_dissimilarity,LowObj_MedianArea_px,0.3206896551724137,0.08986083587558522,0.3206896551724137
malignant_vs_non_malignant,Malignant vs non-malignant,GLCM_dissimilarity,LowObj_MeanCircularity,-0.31576354679802954,0.09518806726820411,0.31576354679802954
malignant_vs_non_malignant,Malignant vs non-malignant,GLCM_dissimilarity,LowObj_MeanSolidity,-0.14532019704433494,0.45195706543857933,0.14532019704433494
malignant_vs_non_malignant,Malignant vs non-malignant,GLCM_dissimilarity,LowObj_MeanEccentricity,-0.031034482758620686,0.8730287007942094,0.031034482758620686
malignant_vs_non_malignant,Malignant vs non-malignant,GLCM_dissimilarity,LowObj_MeanAspectRatio,-0.01970443349753694,0.9191903261345237,0.01970443349753694
malignant_vs_non_malignant,Malignant vs non-malignant,GLCM_dissimilarity,LowObj_TotalAreaRatio_filtered,0.43201970443349746,0.01926618978517349,0.43201970443349746
malignant_vs_non_malignant,Malignant vs non-malignant,GLCM_homogeneity,GLCM_ASM,0.6541871921182264,0.00011845692005506542,0.6541871921182264
malignant_vs_non_malignant,Malignant vs non-malignant,GLCM_homogeneity,GLCM_energy,0.6645320197044333,8.436032971903652e-05,0.6645320197044333
malignant_vs_non_malignant,Malignant vs non-malignant,GLCM_homogeneity,GLCM_correlation,0.16699507389162557,0.38657700067785605,0.16699507389162557
malignant_vs_non_malignant,Malignant vs non-malignant,GLCM_homogeneity,GLCM_entropy,-0.7807881773399012,5.827627235778552e-07,0.7807881773399012
malignant_vs_non_malignant,Malignant vs non-malignant,GLCM_homogeneity,LowSignalRatio,-0.29999999999999993,0.11384284390394704,0.29999999999999993
malignant_vs_non_malignant,Malignant vs non-malignant,GLCM_homogeneity,HighSignalRatio,-0.3039408866995073,0.10894344958733347,0.3039408866995073
malignant_vs_non_malignant,Malignant vs non-malignant,GLCM_homogeneity,LowObj_Count,-0.15913289934721403,0.4096355468632722,0.15913289934721403
malignant_vs_non_malignant,Malignant vs non-malignant,GLCM_homogeneity,LowObj_Density_per_10kpx,-0.3812807881773398,0.04127423437283845,0.3812807881773398
malignant_vs_non_malignant,Malignant vs non-malignant,GLCM_homogeneity,LowObj_MeanArea_px,-0.10443349753694578,0.5897961468263401,0.10443349753694578
malignant_vs_non_malignant,Malignant vs non-malignant,GLCM_homogeneity,LowObj_MedianArea_px,-0.19014778325123147,0.3231587740537454,0.19014778325123147
malignant_vs_non_malignant,Malignant vs non-malignant,GLCM_homogeneity,LowObj_MeanCircularity,0.19014778325123147,0.3231587740537454,0.19014778325123147
malignant_vs_non_malignant,Malignant vs non-malignant,GLCM_homogeneity,LowObj_MeanSolidity,0.070935960591133,0.7146189503238103,0.070935960591133
malignant_vs_non_malignant,Malignant vs non-malignant,GLCM_homogeneity,LowObj_MeanEccentricity,0.06108374384236451,0.7529358031351444,0.06108374384236451
malignant_vs_non_malignant,Malignant vs non-malignant,GLCM_homogeneity,LowObj_MeanAspectRatio,0.06206896551724137,0.7490764687819293,0.06206896551724137
malignant_vs_non_malignant,Malignant vs non-malignant,GLCM_homogeneity,LowObj_TotalAreaRatio_filtered,-0.32118226600985217,0.08934082553710256,0.32118226600985217
malignant_vs_non_malignant,Malignant vs non-malignant,GLCM_ASM,GLCM_energy,0.9970443349753692,1.2374108191992196e-31,0.9970443349753692
malignant_vs_non_malignant,Malignant vs non-malignant,GLCM_ASM,GLCM_correlation,-0.26108374384236444,0.17131258251604278,0.26108374384236444
malignant_vs_non_malignant,Malignant vs non-malignant,GLCM_ASM,GLCM_entropy,-0.8714285714285712,7.676524180193689e-10,0.8714285714285712
malignant_vs_non_malignant,Malignant vs non-malignant,GLCM_ASM,LowSignalRatio,-0.021674876847290636,0.9111395171783192,0.021674876847290636
malignant_vs_non_malignant,Malignant vs non-malignant,GLCM_ASM,HighSignalRatio,-0.5078817733990146,0.004913881379517604,0.5078817733990146
malignant_vs_non_malignant,Malignant vs non-malignant,GLCM_ASM,LowObj_Count,-0.15740854904469004,0.4147938629222889,0.15740854904469004
malignant_vs_non_malignant,Malignant vs non-malignant,GLCM_ASM,LowObj_Density_per_10kpx,0.026108374384236445,0.893057799729345,0.026108374384236445
malignant_vs_non_malignant,Malignant vs non-malignant,GLCM_ASM,LowObj_MeanArea_px,-0.19014778325123147,0.3231587740537454,0.19014778325123147
malignant_vs_non_malignant,Malignant vs non-malignant,GLCM_ASM,LowObj_MedianArea_px,-0.28620689655172404,0.13228183277846592,0.28620689655172404
malignant_vs_non_malignant,Malignant vs non-malignant,GLCM_ASM,LowObj_MeanCircularity,0.27389162561576347,0.15050967045097888,0.27389162561576347
malignant_vs_non_malignant,Malignant vs non-malignant,GLCM_ASM,LowObj_MeanSolidity,0.10837438423645318,0.5757558168103398,0.10837438423645318
malignant_vs_non_malignant,Malignant vs non-malignant,GLCM_ASM,LowObj_MeanEccentricity,-0.08768472906403939,0.6510536024486941,0.08768472906403939
malignant_vs_non_malignant,Malignant vs non-malignant,GLCM_ASM,LowObj_MeanAspectRatio,-0.09310344827586205,0.6309651288108955,0.09310344827586205
malignant_vs_non_malignant,Malignant vs non-malignant,GLCM_ASM,LowObj_TotalAreaRatio_filtered,-0.04679802955665024,0.8095074450604085,0.04679802955665024
malignant_vs_non_malignant,Malignant vs non-malignant,GLCM_energy,GLCM_correlation,-0.27832512315270924,0.143750854461642,0.27832512315270924
malignant_vs_non_malignant,Malignant vs non-malignant,GLCM_energy,GLCM_entropy,-0.8886699507389161,1.2217033371672616e-10,0.8886699507389161
malignant_vs_non_malignant,Malignant vs non-malignant,GLCM_energy,LowSignalRatio,-0.04679802955665024,0.8095074450604085,0.04679802955665024
malignant_vs_non_malignant,Malignant vs non-malignant,GLCM_energy,HighSignalRatio,-0.52807881773399,0.003235474474836544,0.52807881773399
malignant_vs_non_malignant,Malignant vs non-malignant,GLCM_energy,LowObj_Count,-0.14016504601945012,0.4683283338034548,0.14016504601945012
malignant_vs_non_malignant,Malignant vs non-malignant,GLCM_energy,LowObj_Density_per_10kpx,0.006403940886699506,0.9736988508646885,0.006403940886699506
malignant_vs_non_malignant,Malignant vs non-malignant,GLCM_energy,LowObj_MeanArea_px,-0.20886699507389156,0.2768797015339433,0.20886699507389156
malignant_vs_non_malignant,Malignant vs non-malignant,GLCM_energy,LowObj_MedianArea_px,-0.30443349753694576,0.10834226185615385,0.30443349753694576
malignant_vs_non_malignant,Malignant vs non-malignant,GLCM_energy,LowObj_MeanCircularity,0.2945812807881773,0.12084414843901431,0.2945812807881773
malignant_vs_non_malignant,Malignant vs non-malignant,GLCM_energy,LowObj_MeanSolidity,0.10443349753694578,0.5897961468263401,0.10443349753694578
malignant_vs_non_malignant,Malignant vs non-malignant,GLCM_energy,LowObj_MeanEccentricity,-0.09901477832512312,0.6093404638385995,0.09901477832512312
malignant_vs_non_malignant,Malignant vs non-malignant,GLCM_energy,LowObj_MeanAspectRatio,-0.1088669950738916,0.5740113022086787,0.1088669950738916
malignant_vs_non_malignant,Malignant vs non-malignant,GLCM_energy,LowObj_TotalAreaRatio_filtered,-0.07290640394088668,0.7070329922890148,0.07290640394088668
malignant_vs_non_malignant,Malignant vs non-malignant,GLCM_correlation,GLCM_entropy,0.3344827586206896,0.07614647692065202,0.3344827586206896
malignant_vs_non_malignant,Malignant vs non-malignant,GLCM_correlation,LowSignalRatio,0.16551724137931031,0.3908532089207225,0.16551724137931031
malignant_vs_non_malignant,Malignant vs non-malignant,GLCM_correlation,HighSignalRatio,0.5172413793103448,0.004061456506390686,0.5172413793103448
malignant_vs_non_malignant,Malignant vs non-malignant,GLCM_correlation,LowObj_Count,0.2458430859884204,0.1986152323430488,0.2458430859884204
malignant_vs_non_malignant,Malignant vs non-malignant,GLCM_correlation,LowObj_Density_per_10kpx,-0.13940886699507385,0.4707554883316434,0.13940886699507385
malignant_vs_non_malignant,Malignant vs non-malignant,GLCM_correlation,LowObj_MeanArea_px,0.4576354679802954,0.012553701393012219,0.4576354679802954
malignant_vs_non_malignant,Malignant vs non-malignant,GLCM_correlation,LowObj_MedianArea_px,0.43793103448275855,0.017501087829550795,0.43793103448275855
malignant_vs_non_malignant,Malignant vs non-malignant,GLCM_correlation,LowObj_MeanCircularity,-0.09753694581280786,0.6147174662977373,0.09753694581280786
malignant_vs_non_malignant,Malignant vs non-malignant,GLCM_correlation,LowObj_MeanSolidity,0.351231527093596,0.06172528451981176,0.351231527093596
malignant_vs_non_malignant,Malignant vs non-malignant,GLCM_correlation,LowObj_MeanEccentricity,-0.2177339901477832,0.25652815944629664,0.2177339901477832
malignant_vs_non_malignant,Malignant vs non-malignant,GLCM_correlation,LowObj_MeanAspectRatio,-0.15566502463054185,0.4200461568229544,0.15566502463054185
malignant_vs_non_malignant,Malignant vs non-malignant,GLCM_correlation,LowObj_TotalAreaRatio_filtered,0.2014778325123152,0.29461030588699144,0.2014778325123152
malignant_vs_non_malignant,Malignant vs non-malignant,GLCM_entropy,LowSignalRatio,0.33103448275862063,0.07941345176271478,0.33103448275862063
malignant_vs_non_malignant,Malignant vs non-malignant,GLCM_entropy,HighSignalRatio,0.5881773399014777,0.0007916372631789483,0.5881773399014777
malignant_vs_non_malignant,Malignant vs non-malignant,GLCM_entropy,LowObj_Count,0.2643182678011775,0.1658773557228485,0.2643182678011775
malignant_vs_non_malignant,Malignant vs non-malignant,GLCM_entropy,LowObj_Density_per_10kpx,0.21970443349753688,0.25214233860302177,0.21970443349753688
malignant_vs_non_malignant,Malignant vs non-malignant,GLCM_entropy,LowObj_MeanArea_px,0.35320197044334967,0.060179601562147265,0.35320197044334967
malignant_vs_non_malignant,Malignant vs non-malignant,GLCM_entropy,LowObj_MedianArea_px,0.4714285714285713,0.009835680642589351,0.4714285714285713
malignant_vs_non_malignant,Malignant vs non-malignant,GLCM_entropy,LowObj_MeanCircularity,-0.3600985221674876,0.05500675552969518,0.3600985221674876
malignant_vs_non_malignant,Malignant vs non-malignant,GLCM_entropy,LowObj_MeanSolidity,-0.08226600985221673,0.6713839787887793,0.08226600985221673
malignant_vs_non_malignant,Malignant vs non-malignant,GLCM_entropy,LowObj_MeanEccentricity,-0.027093596059113295,0.88904643289155,0.027093596059113295
malignant_vs_non_malignant,Malignant vs non-malignant,GLCM_entropy,LowObj_MeanAspectRatio,0.005911330049261082,0.9757214025483677,0.005911330049261082
malignant_vs_non_malignant,Malignant vs non-malignant,GLCM_entropy,LowObj_TotalAreaRatio_filtered,0.3600985221674876,0.05500675552969518,0.3600985221674876
malignant_vs_non_malignant,Malignant vs non-malignant,LowSignalRatio,HighSignalRatio,-0.21871921182266005,0.2543290454922613,0.21871921182266005
malignant_vs_non_malignant,Malignant vs non-malignant,LowSignalRatio,LowObj_Count,0.5719916289229582,0.0011876078024009322,0.5719916289229582
malignant_vs_non_malignant,Malignant vs non-malignant,LowSignalRatio,LowObj_Density_per_10kpx,0.6551724137931033,0.00011475141518307878,0.6551724137931033
malignant_vs_non_malignant,Malignant vs non-malignant,LowSignalRatio,LowObj_MeanArea_px,0.7773399014778324,7.036555954268642e-07,0.7773399014778324
malignant_vs_non_malignant,Malignant vs non-malignant,LowSignalRatio,LowObj_MedianArea_px,0.7709359605911329,9.90058224930057e-07,0.7709359605911329
malignant_vs_non_malignant,Malignant vs non-malignant,LowSignalRatio,LowObj_MeanCircularity,-0.6802955665024629,4.901752998109424e-05,0.6802955665024629
malignant_vs_non_malignant,Malignant vs non-malignant,LowSignalRatio,LowObj_MeanSolidity,-0.3660098522167487,0.05085695429972386,0.3660098522167487
malignant_vs_non_malignant,Malignant vs non-malignant,LowSignalRatio,LowObj_MeanEccentricity,-0.18522167487684724,0.336083642530538,0.18522167487684724
malignant_vs_non_malignant,Malignant vs non-malignant,LowSignalRatio,LowObj_MeanAspectRatio,-0.07389162561576353,0.7032502255468641,0.07389162561576353
malignant_vs_non_malignant,Malignant vs non-malignant,LowSignalRatio,LowObj_TotalAreaRatio_filtered,0.9965517241379308,9.88664440891619e-31,0.9965517241379308
malignant_vs_non_malignant,Malignant vs non-malignant,HighSignalRatio,LowObj_Count,-0.1941125769127007,0.312981425010133,0.1941125769127007
malignant_vs_non_malignant,Malignant vs non-malignant,HighSignalRatio,LowObj_Density_per_10kpx,-0.2832512315270935,0.13650159373560755,0.2832512315270935
malignant_vs_non_malignant,Malignant vs non-malignant,HighSignalRatio,LowObj_MeanArea_px,-0.027093596059113295,0.88904643289155,0.027093596059113295
malignant_vs_non_malignant,Malignant vs non-malignant,HighSignalRatio,LowObj_MedianArea_px,0.07142857142857141,0.7127199331498778,0.07142857142857141
malignant_vs_non_malignant,Malignant vs non-malignant,HighSignalRatio,LowObj_MeanCircularity,0.11477832512315268,0.5532638103427493,0.11477832512315268
malignant_vs_non_malignant,Malignant vs non-malignant,HighSignalRatio,LowObj_MeanSolidity,0.4270935960591132,0.020846840152573976,0.4270935960591132
malignant_vs_non_malignant,Malignant vs non-malignant,HighSignalRatio,LowObj_MeanEccentricity,-0.06206896551724137,0.7490764687819293,0.06206896551724137
malignant_vs_non_malignant,Malignant vs non-malignant,HighSignalRatio,LowObj_MeanAspectRatio,-0.09704433497536943,0.6165141670277829,0.09704433497536943
malignant_vs_non_malignant,Malignant vs non-malignant,HighSignalRatio,LowObj_TotalAreaRatio_filtered,-0.1733990147783251,0.3683603885459859,0.1733990147783251
malignant_vs_non_malignant,Malignant vs non-malignant,LowObj_Count,LowObj_Density_per_10kpx,0.61165168588101,0.00042270852068260905,0.61165168588101
malignant_vs_non_malignant,Malignant vs non-malignant,LowObj_Count,LowObj_MeanArea_px,0.360881884742521,0.054442016282487724,0.360881884742521
malignant_vs_non_malignant,Malignant vs non-malignant,LowObj_Count,LowObj_MedianArea_px,0.5027712810644951,0.005440553500115762,0.5027712810644951
malignant_vs_non_malignant,Malignant vs non-malignant,LowObj_Count,LowObj_MeanCircularity,-0.16184259267975173,0.40160277549575846,0.16184259267975173
malignant_vs_non_malignant,Malignant vs non-malignant,LowObj_Count,LowObj_MeanSolidity,0.00985343030013709,0.9595411626905921,0.00985343030013709
malignant_vs_non_malignant,Malignant vs non-malignant,LowObj_Count,LowObj_MeanEccentricity,-0.29683458779162986,0.11789515410525075,0.29683458779162986
malignant_vs_non_malignant,Malignant vs non-malignant,LowObj_Count,LowObj_MeanAspectRatio,-0.23278729084073882,0.22427595530839922,0.23278729084073882
malignant_vs_non_malignant,Malignant vs non-malignant,LowObj_Count,LowObj_TotalAreaRatio_filtered,0.5808597161930815,0.0009534401460952994,0.5808597161930815
malignant_vs_non_malignant,Malignant vs non-malignant,LowObj_Density_per_10kpx,LowObj_MeanArea_px,0.15172413793103445,0.4320526741963182,0.15172413793103445
malignant_vs_non_malignant,Malignant vs non-malignant,LowObj_Density_per_10kpx,LowObj_MedianArea_px,0.40098522167487677,0.03110103457522146,0.40098522167487677
malignant_vs_non_malignant,Malignant vs non-malignant,LowObj_Density_per_10kpx,LowObj_MeanCircularity,-0.17536945812807878,0.36285842847797917,0.17536945812807878
malignant_vs_non_malignant,Malignant vs non-malignant,LowObj_Density_per_10kpx,LowObj_MeanSolidity,-0.033004926108374376,0.8650378102818672,0.033004926108374376
malignant_vs_non_malignant,Malignant vs non-malignant,LowObj_Density_per_10kpx,LowObj_MeanEccentricity,-0.16059113300492608,0.4053015342388135,0.16059113300492608
malignant_vs_non_malignant,Malignant vs non-malignant,LowObj_Density_per_10kpx,LowObj_MeanAspectRatio,-0.0901477832512315,0.6418917548846208,0.0901477832512315
malignant_vs_non_malignant,Malignant vs non-malignant,LowObj_Density_per_10kpx,LowObj_TotalAreaRatio_filtered,0.6600985221674875,9.772404153497757e-05,0.6600985221674875
malignant_vs_non_malignant,Malignant vs non-malignant,LowObj_MeanArea_px,LowObj_MedianArea_px,0.775862068965517,7.620943221196213e-07,0.775862068965517
malignant_vs_non_malignant,Malignant vs non-malignant,LowObj_MeanArea_px,LowObj_MeanCircularity,-0.8123152709359605,8.760613097932437e-08,0.8123152709359605
malignant_vs_non_malignant,Malignant vs non-malignant,LowObj_MeanArea_px,LowObj_MeanSolidity,-0.4596059113300492,0.012130811533226753,0.4596059113300492
malignant_vs_non_malignant,Malignant vs non-malignant,LowObj_MeanArea_px,LowObj_MeanEccentricity,0.016256157635467977,0.93329759520479,0.016256157635467977
malignant_vs_non_malignant,Malignant vs non-malignant,LowObj_MeanArea_px,LowObj_MeanAspectRatio,0.13694581280788173,0.47870649440875596,0.13694581280788173
malignant_vs_non_malignant,Malignant vs non-malignant,LowObj_MeanArea_px,LowObj_TotalAreaRatio_filtered,0.7753694581280787,7.825296477907153e-07,0.7753694581280787
malignant_vs_non_malignant,Malignant vs non-malignant,LowObj_MedianArea_px,LowObj_MeanCircularity,-0.7389162561576353,4.701285752702612e-06,0.7389162561576353
malignant_vs_non_malignant,Malignant vs non-malignant,LowObj_MedianArea_px,LowObj_MeanSolidity,-0.2748768472906403,0.14898833587776636,0.2748768472906403
malignant_vs_non_malignant,Malignant vs non-malignant,LowObj_MedianArea_px,LowObj_MeanEccentricity,-0.16403940886699503,0.3951563880740004,0.16403940886699503
malignant_vs_non_malignant,Malignant vs non-malignant,LowObj_MedianArea_px,LowObj_MeanAspectRatio,-0.0669950738916256,0.7298702747415983,0.0669950738916256
malignant_vs_non_malignant,Malignant vs non-malignant,LowObj_MedianArea_px,LowObj_TotalAreaRatio_filtered,0.7783251231527091,6.669852094543646e-07,0.7783251231527091
malignant_vs_non_malignant,Malignant vs non-malignant,LowObj_MeanCircularity,LowObj_MeanSolidity,0.7532019704433496,2.4147587653867192e-06,0.7532019704433496
malignant_vs_non_malignant,Malignant vs non-malignant,LowObj_MeanCircularity,LowObj_MeanEccentricity,-0.34285714285714275,0.06864282672986495,0.34285714285714275
malignant_vs_non_malignant,Malignant vs non-malignant,LowObj_MeanCircularity,LowObj_MeanAspectRatio,-0.43201970443349746,0.01926618978517349,0.43201970443349746
malignant_vs_non_malignant,Malignant vs non-malignant,LowObj_MeanCircularity,LowObj_TotalAreaRatio_filtered,-0.6704433497536945,6.90788760118406e-05,0.6704433497536945
malignant_vs_non_malignant,Malignant vs non-malignant,LowObj_MeanSolidity,LowObj_MeanEccentricity,-0.4812807881773397,0.008212707805216645,0.4812807881773397
malignant_vs_non_malignant,Malignant vs non-malignant,LowObj_MeanSolidity,LowObj_MeanAspectRatio,-0.5482758620689654,0.0020751439149308813,0.5482758620689654
malignant_vs_non_malignant,Malignant vs non-malignant,LowObj_MeanSolidity,LowObj_TotalAreaRatio_filtered,-0.33201970443349743,0.07846926218790098,0.33201970443349743
malignant_vs_non_malignant,Malignant vs non-malignant,LowObj_MeanEccentricity,LowObj_MeanAspectRatio,0.9655172413793103,2.6059127078821402e-17,0.9655172413793103
malignant_vs_non_malignant,Malignant vs non-malignant,LowObj_MeanEccentricity,LowObj_TotalAreaRatio_filtered,-0.1886699507389162,0.3270037129469253,0.1886699507389162
malignant_vs_non_malignant,Malignant vs non-malignant,LowObj_MeanAspectRatio,LowObj_TotalAreaRatio_filtered,-0.07438423645320195,0.7013614306645617,0.07438423645320195
inflammatory_vs_hyperplastic,Inflammatory vs hyperplastic,Mean,StdDev,0.07647058823529412,0.778340980960703,0.07647058823529412
inflammatory_vs_hyperplastic,Inflammatory vs hyperplastic,Mean,Median,0.7835060043536575,0.0003298568038893061,0.7835060043536575
inflammatory_vs_hyperplastic,Inflammatory vs hyperplastic,Mean,Min,0.5752237416355278,0.019741194148168727,0.5752237416355278
inflammatory_vs_hyperplastic,Inflammatory vs hyperplastic,Mean,Max,0.5360830556103972,0.03231179306672049,0.5360830556103972
inflammatory_vs_hyperplastic,Inflammatory vs hyperplastic,Mean,P10,0.6470588235294118,0.006742077007179861,0.6470588235294118
inflammatory_vs_hyperplastic,Inflammatory vs hyperplastic,Mean,P25,0.7235294117647059,0.001534481189823956,0.7235294117647059
inflammatory_vs_hyperplastic,Inflammatory vs hyperplastic,Mean,P75,0.7402503843643646,0.0010414286696876329,0.7402503843643646
inflammatory_vs_hyperplastic,Inflammatory vs hyperplastic,Mean,P90,0.7794117647058825,0.00037168023647875443,0.7794117647058825
inflammatory_vs_hyperplastic,Inflammatory vs hyperplastic,Mean,IQR,-0.17058823529411765,0.5276097688612683,0.17058823529411765
inflammatory_vs_hyperplastic,Inflammatory vs hyperplastic,Mean,Skewness,-0.6,0.01400712232959999,0.6
inflammatory_vs_hyperplastic,Inflammatory vs hyperplastic,Mean,Kurtosis,0.3558823529411765,0.17610373809159305,0.3558823529411765
inflammatory_vs_hyperplastic,Inflammatory vs hyperplastic,Mean,GrayEntropy,0.3970588235294118,0.12780600908826178,0.3970588235294118
inflammatory_vs_hyperplastic,Inflammatory vs hyperplastic,Mean,GLCM_contrast,0.15882352941176472,0.5568612810855391,0.15882352941176472
inflammatory_vs_hyperplastic,Inflammatory vs hyperplastic,Mean,GLCM_dissimilarity,0.16764705882352943,0.5348568245819436,0.16764705882352943
inflammatory_vs_hyperplastic,Inflammatory vs hyperplastic,Mean,GLCM_homogeneity,-0.28823529411764703,0.2789844597370832,0.28823529411764703
inflammatory_vs_hyperplastic,Inflammatory vs hyperplastic,Mean,GLCM_ASM,-0.3764705882352941,0.15064811528763097,0.3764705882352941
inflammatory_vs_hyperplastic,Inflammatory vs hyperplastic,Mean,GLCM_energy,-0.3529411764705882,0.17995865788498175,0.3529411764705882
inflammatory_vs_hyperplastic,Inflammatory vs hyperplastic,Mean,GLCM_correlation,-0.0029411764705882353,0.9913748045563624,0.0029411764705882353
inflammatory_vs_hyperplastic,Inflammatory vs hyperplastic,Mean,GLCM_entropy,0.3529411764705882,0.17995865788498175,0.3529411764705882
inflammatory_vs_hyperplastic,Inflammatory vs hyperplastic,Mean,LowSignalRatio,-0.6735294117647058,0.0042327392484605075,0.6735294117647058
inflammatory_vs_hyperplastic,Inflammatory vs hyperplastic,Mean,HighSignalRatio,0.6294117647058822,0.00898808926444692,0.6294117647058822
inflammatory_vs_hyperplastic,Inflammatory vs hyperplastic,Mean,LowObj_Count,-0.7647058823529411,0.0005596762943567444,0.7647058823529411
inflammatory_vs_hyperplastic,Inflammatory vs hyperplastic,Mean,LowObj_Density_per_10kpx,-0.6882352941176471,0.003203908614395742,0.6882352941176471
inflammatory_vs_hyperplastic,Inflammatory vs hyperplastic,Mean,LowObj_MeanArea_px,-0.27058823529411763,0.3107606271023349,0.27058823529411763
inflammatory_vs_hyperplastic,Inflammatory vs hyperplastic,Mean,LowObj_MedianArea_px,-0.18529411764705883,0.492057050205944,0.18529411764705883
inflammatory_vs_hyperplastic,Inflammatory vs hyperplastic,Mean,LowObj_MeanCircularity,0.0,1.0,0.0
inflammatory_vs_hyperplastic,Inflammatory vs hyperplastic,Mean,LowObj_MeanSolidity,0.1647058823529412,0.542148135201078,0.1647058823529412
inflammatory_vs_hyperplastic,Inflammatory vs hyperplastic,Mean,LowObj_MeanEccentricity,0.0411764705882353,0.8796536149318311,0.0411764705882353
inflammatory_vs_hyperplastic,Inflammatory vs hyperplastic,Mean,LowObj_MeanAspectRatio,-0.08529411764705883,0.7534650694747835,0.08529411764705883
inflammatory_vs_hyperplastic,Inflammatory vs hyperplastic,Mean,LowObj_TotalAreaRatio_filtered,-0.6382352941176471,0.007801138631008013,0.6382352941176471
inflammatory_vs_hyperplastic,Inflammatory vs hyperplastic,StdDev,Median,0.3770254457040156,0.14999866541731627,0.3770254457040156
inflammatory_vs_hyperplastic,Inflammatory vs hyperplastic,StdDev,Min,0.26588119613375505,0.3195798568801482,0.26588119613375505
inflammatory_vs_hyperplastic,Inflammatory vs hyperplastic,StdDev,Max,0.41678984818061104,0.10827207167077439,0.41678984818061104
inflammatory_vs_hyperplastic,Inflammatory vs hyperplastic,StdDev,P10,-0.6088235294117647,0.012315203198246461,0.6088235294117647
inflammatory_vs_hyperplastic,Inflammatory vs hyperplastic,StdDev,P25,-0.4588235294117647,0.07383553449548094,0.4588235294117647
inflammatory_vs_hyperplastic,Inflammatory vs hyperplastic,StdDev,P75,0.6004416636593655,0.013918335647399681,0.6004416636593655
inflammatory_vs_hyperplastic,Inflammatory vs hyperplastic,StdDev,P90,0.5941176470588235,0.015232400876327995,0.5941176470588235
inflammatory_vs_hyperplastic,Inflammatory vs hyperplastic,StdDev,IQR,0.9264705882352942,2.561397065047752e-07,0.9264705882352942
inflammatory_vs_hyperplastic,Inflammatory vs hyperplastic,StdDev,Skewness,0.34705882352941175,0.18783442010629955,0.34705882352941175
inflammatory_vs_hyperplastic,Inflammatory vs hyperplastic,StdDev,Kurtosis,-0.8382352941176471,5.010342100683488e-05,0.8382352941176471
inflammatory_vs_hyperplastic,Inflammatory vs hyperplastic,StdDev,GrayEntropy,0.7058823529411764,0.0022459006010513297,0.7058823529411764
inflammatory_vs_hyperplastic,Inflammatory vs hyperplastic,StdDev,GLCM_contrast,0.6705882352941177,0.004467208697738124,0.6705882352941177
inflammatory_vs_hyperplastic,Inflammatory vs hyperplastic,StdDev,GLCM_dissimilarity,0.6294117647058822,0.00898808926444692,0.6294117647058822
inflammatory_vs_hyperplastic,Inflammatory vs hyperplastic,StdDev,GLCM_homogeneity,-0.4941176470588235,0.05172344224923533,0.4941176470588235
inflammatory_vs_hyperplastic,Inflammatory vs hyperplastic,StdDev,GLCM_ASM,-0.21470588235294116,0.42455923362010284,0.21470588235294116
inflammatory_vs_hyperplastic,Inflammatory vs hyperplastic,StdDev,GLCM_energy,-0.25588235294117645,0.3387899080712459,0.25588235294117645
inflammatory_vs_hyperplastic,Inflammatory vs hyperplastic,StdDev,GLCM_correlation,0.6147058823529412,0.011279474063305015,0.6147058823529412
inflammatory_vs_hyperplastic,Inflammatory vs hyperplastic,StdDev,GLCM_entropy,0.6852941176470588,0.0033915617452165985,0.6852941176470588
inflammatory_vs_hyperplastic,Inflammatory vs hyperplastic,StdDev,LowSignalRatio,0.5323529411764706,0.03376862296023464,0.5323529411764706
inflammatory_vs_hyperplastic,Inflammatory vs hyperplastic,StdDev,HighSignalRatio,0.7088235294117646,0.0021116812392545335,0.7088235294117646
inflammatory_vs_hyperplastic,Inflammatory vs hyperplastic,StdDev,LowObj_Count,0.0823529411764706,0.7617330787524739,0.0823529411764706
inflammatory_vs_hyperplastic,Inflammatory vs hyperplastic,StdDev,LowObj_Density_per_10kpx,0.2323529411764706,0.386511349907985,0.2323529411764706
inflammatory_vs_hyperplastic,Inflammatory vs hyperplastic,StdDev,LowObj_MeanArea_px,0.5235294117647059,0.037412648130149384,0.5235294117647059
inflammatory_vs_hyperplastic,Inflammatory vs hyperplastic,StdDev,LowObj_MedianArea_px,0.6676470588235294,0.004711981947989977,0.6676470588235294
inflammatory_vs_hyperplastic,Inflammatory vs hyperplastic,StdDev,LowObj_MeanCircularity,-0.43529411764705883,0.09195235850572929,0.43529411764705883
inflammatory_vs_hyperplastic,Inflammatory vs hyperplastic,StdDev,LowObj_MeanSolidity,-0.02941176470588235,0.9138955872505002,0.02941176470588235
inflammatory_vs_hyperplastic,Inflammatory vs hyperplastic,StdDev,LowObj_MeanEccentricity,-0.3,0.2589364525624988,0.3
inflammatory_vs_hyperplastic,Inflammatory vs hyperplastic,StdDev,LowObj_MeanAspectRatio,-0.13823529411764704,0.6096659407501827,0.13823529411764704
inflammatory_vs_hyperplastic,Inflammatory vs hyperplastic,StdDev,LowObj_TotalAreaRatio_filtered,0.6,0.01400712232959999,0.6
inflammatory_vs_hyperplastic,Inflammatory vs hyperplastic,Median,Min,0.49926199221766954,0.04896662519650312,0.49926199221766954
inflammatory_vs_hyperplastic,Inflammatory vs hyperplastic,Median,Max,0.41371681415929196,0.11116699510729947,0.41371681415929196
inflammatory_vs_hyperplastic,Inflammatory vs hyperplastic,Median,P10,0.3814437126458595,0.1448947365184264,0.3814437126458595
inflammatory_vs_hyperplastic,Inflammatory vs hyperplastic,Median,P25,0.5375558112576785,0.03174993434226011,0.5375558112576785
inflammatory_vs_hyperplastic,Inflammatory vs hyperplastic,Median,P75,0.90272684791351,1.702833334640399e-06,0.90272684791351
inflammatory_vs_hyperplastic,Inflammatory vs hyperplastic,Median,P90,0.8335796963612221,6.03178638435907e-05,0.8335796963612221
inflammatory_vs_hyperplastic,Inflammatory vs hyperplastic,Median,IQR,0.14285729778628717,0.5976406850701261,0.14285729778628717
inflammatory_vs_hyperplastic,Inflammatory vs hyperplastic,Median,Skewness,-0.6347576839782451,0.008253102841022772,0.6347576839782451
inflammatory_vs_hyperplastic,Inflammatory vs hyperplastic,Median,Kurtosis,0.066274004127659,0.8073398351880664,0.066274004127659
inflammatory_vs_hyperplastic,Inflammatory vs hyperplastic,Median,GrayEntropy,0.4315174046534241,0.09513085812928358,0.4315174046534241
inflammatory_vs_hyperplastic,Inflammatory vs hyperplastic,Median,GLCM_contrast,0.24153192615413502,0.36747941562743325,0.24153192615413502
inflammatory_vs_hyperplastic,Inflammatory vs hyperplastic,Median,GLCM_dissimilarity,0.22827712532860323,0.3951300994942277,0.22827712532860323
inflammatory_vs_hyperplastic,Inflammatory vs hyperplastic,Median,GLCM_homogeneity,-0.31516970851820053,0.23443150754404013,0.31516970851820053
inflammatory_vs_hyperplastic,Inflammatory vs hyperplastic,Median,GLCM_ASM,-0.1870399672047265,0.48791372986863046,0.1870399672047265
inflammatory_vs_hyperplastic,Inflammatory vs hyperplastic,Median,GLCM_energy,-0.20618579061938355,0.44359868936463615,0.20618579061938355
inflammatory_vs_hyperplastic,Inflammatory vs hyperplastic,Median,GLCM_correlation,0.11192942919337963,0.6798257679380304,0.11192942919337963
inflammatory_vs_hyperplastic,Inflammatory vs hyperplastic,Median,GLCM_entropy,0.3961712691186727,0.12873814168285563,0.3961712691186727
inflammatory_vs_hyperplastic,Inflammatory vs hyperplastic,Median,LowSignalRatio,-0.49190038619195786,0.05294651216294434,0.49190038619195786
inflammatory_vs_hyperplastic,Inflammatory vs hyperplastic,Median,HighSignalRatio,0.8247431624775342,8.451162246175017e-05,0.8247431624775342
inflammatory_vs_hyperplastic,Inflammatory vs hyperplastic,Median,LowObj_Count,-0.6141391049163067,0.011376177484120202,0.6141391049163067
inflammatory_vs_hyperplastic,Inflammatory vs hyperplastic,Median,LowObj_Density_per_10kpx,-0.40942606994420444,0.11529911235623673,0.40942606994420444
inflammatory_vs_hyperplastic,Inflammatory vs hyperplastic,Median,LowObj_MeanArea_px,-0.28276908427801173,0.2886090714637468,0.28276908427801173
inflammatory_vs_hyperplastic,Inflammatory vs hyperplastic,Median,LowObj_MedianArea_px,-0.11340218484066095,0.6758254232655371,0.11340218484066095
inflammatory_vs_hyperplastic,Inflammatory vs hyperplastic,Median,LowObj_MeanCircularity,0.15169383166997502,0.5749220337896304,0.15169383166997502
inflammatory_vs_hyperplastic,Inflammatory vs hyperplastic,Median,LowObj_MeanSolidity,0.4506632280680812,0.07979647640070585,0.4506632280680812
inflammatory_vs_hyperplastic,Inflammatory vs hyperplastic,Median,LowObj_MeanEccentricity,-0.24595019309597893,0.3585070155692308,0.24595019309597893
inflammatory_vs_hyperplastic,Inflammatory vs hyperplastic,Median,LowObj_MeanAspectRatio,-0.3048604189872314,0.25092000649921004,0.3048604189872314
inflammatory_vs_hyperplastic,Inflammatory vs hyperplastic,Median,LowObj_TotalAreaRatio_filtered,-0.42562638206429887,0.10024343438514963,0.42562638206429887
inflammatory_vs_hyperplastic,Inflammatory vs hyperplastic,Min,Max,0.5760715294819264,0.01951903824596251,0.5760715294819264
inflammatory_vs_hyperplastic,Inflammatory vs hyperplastic,Min,P10,0.1917412472118426,0.4768402228458595,0.1917412472118426
inflammatory_vs_hyperplastic,Inflammatory vs hyperplastic,Min,P25,0.15339299776947407,0.5705955086063648,0.15339299776947407
inflammatory_vs_hyperplastic,Inflammatory vs hyperplastic,Min,P75,0.5756471673400021,0.019629995665982447,0.5756471673400021
inflammatory_vs_hyperplastic,Inflammatory vs hyperplastic,Min,P90,0.5752237416355278,0.019741194148168727,0.5752237416355278
inflammatory_vs_hyperplastic,Inflammatory vs hyperplastic,Min,IQR,0.2658811961337551,0.319579856880148,0.2658811961337551
inflammatory_vs_hyperplastic,Inflammatory vs hyperplastic,Min,Skewness,-0.1917412472118426,0.4768402228458595,0.1917412472118426
inflammatory_vs_hyperplastic,Inflammatory vs hyperplastic,Min,Kurtosis,-0.04857444929366679,0.8582195776310465,0.04857444929366679
inflammatory_vs_hyperplastic,Inflammatory vs hyperplastic,Min,GrayEntropy,0.39626524423780807,0.12863922535179964,0.39626524423780807
inflammatory_vs_hyperplastic,Inflammatory vs hyperplastic,Min,GLCM_contrast,0.35280389486979036,0.1801399370889374,0.35280389486979036
inflammatory_vs_hyperplastic,Inflammatory vs hyperplastic,Min,GLCM_dissimilarity,0.35280389486979036,0.1801399370889374,0.35280389486979036
inflammatory_vs_hyperplastic,Inflammatory vs hyperplastic,Min,GLCM_homogeneity,-0.39626524423780807,0.12863922535179964,0.39626524423780807
inflammatory_vs_hyperplastic,Inflammatory vs hyperplastic,Min,GLCM_ASM,-0.2965597956876499,0.264704556122079,0.2965597956876499
inflammatory_vs_hyperplastic,Inflammatory vs hyperplastic,Min,GLCM_energy,-0.2965597956876499,0.264704556122079,0.2965597956876499
inflammatory_vs_hyperplastic,Inflammatory vs hyperplastic,Min,GLCM_correlation,0.15594954773229863,0.5641119640853898,0.15594954773229863
inflammatory_vs_hyperplastic,Inflammatory vs hyperplastic,Min,GLCM_entropy,0.39626524423780807,0.12863922535179964,0.39626524423780807
inflammatory_vs_hyperplastic,Inflammatory vs hyperplastic,Min,LowSignalRatio,-0.15339299776947407,0.5705955086063648,0.15339299776947407
inflammatory_vs_hyperplastic,Inflammatory vs hyperplastic,Min,HighSignalRatio,0.5752237416355278,0.019741194148168727,0.5752237416355278
inflammatory_vs_hyperplastic,Inflammatory vs hyperplastic,Min,LowObj_Count,-0.4934141428251417,0.05210921011309013,0.4934141428251417
inflammatory_vs_hyperplastic,Inflammatory vs hyperplastic,Min,LowObj_Density_per_10kpx,-0.10993164840145643,0.685265005536689,0.10993164840145643
inflammatory_vs_hyperplastic,Inflammatory vs hyperplastic,Min,LowObj_MeanArea_px,-0.11504474832710557,0.6713734161180311,0.11504474832710557
inflammatory_vs_hyperplastic,Inflammatory vs hyperplastic,Min,LowObj_MedianArea_px,-0.14827989784382495,0.5836561623781595,0.14827989784382495
inflammatory_vs_hyperplastic,Inflammatory vs hyperplastic,Min,LowObj_MeanCircularity,0.07669649888473704,0.7777014462057079,0.07669649888473704
inflammatory_vs_hyperplastic,Inflammatory vs hyperplastic,Min,LowObj_MeanSolidity,0.1917412472118426,0.4768402228458595,0.1917412472118426
inflammatory_vs_hyperplastic,Inflammatory vs hyperplastic,Min,LowObj_MeanEccentricity,-0.11504474832710557,0.6713734161180311,0.11504474832710557
inflammatory_vs_hyperplastic,Inflammatory vs hyperplastic,Min,LowObj_MeanAspectRatio,-0.07669649888473704,0.7777014462057079,0.07669649888473704
inflammatory_vs_hyperplastic,Inflammatory vs hyperplastic,Min,LowObj_TotalAreaRatio_filtered,-0.10993164840145643,0.685265005536689,0.10993164840145643
inflammatory_vs_hyperplastic,Inflammatory vs hyperplastic,Max,P10,0.1060384066042544,0.6959064364583475,0.1060384066042544
inflammatory_vs_hyperplastic,Inflammatory vs hyperplastic,Max,P25,0.10751116225153569,0.6918745616833966,0.10751116225153569
inflammatory_vs_hyperplastic,Inflammatory vs hyperplastic,Max,P75,0.5836405416714284,0.017620302072309576,0.5836405416714284
inflammatory_vs_hyperplastic,Inflammatory vs hyperplastic,Max,P90,0.6362304396255264,0.00805923217105867,0.6362304396255264
inflammatory_vs_hyperplastic,Inflammatory vs hyperplastic,Max,IQR,0.3210607311073258,0.22532329095242976,0.3210607311073258
inflammatory_vs_hyperplastic,Inflammatory vs hyperplastic,Max,Skewness,0.060382981538533755,0.8242040982181164,0.060382981538533755
inflammatory_vs_hyperplastic,Inflammatory vs hyperplastic,Max,Kurtosis,-0.132548008255318,0.6245920062236773,0.132548008255318
inflammatory_vs_hyperplastic,Inflammatory vs hyperplastic,Max,GrayEntropy,0.7879242712955012,0.0002891659337091577,0.7879242712955012
inflammatory_vs_hyperplastic,Inflammatory vs hyperplastic,Max,GLCM_contrast,0.6568490186874647,0.005704342842150161,0.6568490186874647
inflammatory_vs_hyperplastic,Inflammatory vs hyperplastic,Max,GLCM_dissimilarity,0.6480124848037768,0.006634838262834642,0.6480124848037768
inflammatory_vs_hyperplastic,Inflammatory vs hyperplastic,Max,GLCM_homogeneity,-0.6421214622146516,0.007319545790507347,0.6421214622146516
inflammatory_vs_hyperplastic,Inflammatory vs hyperplastic,Max,GLCM_ASM,-0.8011790721210331,0.00019116152387523746,0.8011790721210331
inflammatory_vs_hyperplastic,Inflammatory vs hyperplastic,Max,GLCM_energy,-0.7938152938846266,0.0002414518420010859,0.7938152938846266
inflammatory_vs_hyperplastic,Inflammatory vs hyperplastic,Max,GLCM_correlation,0.27245979474704257,0.3072940754643127,0.27245979474704257
inflammatory_vs_hyperplastic,Inflammatory vs hyperplastic,Max,GLCM_entropy,0.7776149817645323,0.0003913683659826068,0.7776149817645323
inflammatory_vs_hyperplastic,Inflammatory vs hyperplastic,Max,LowSignalRatio,-0.055964714596689814,0.8369001836242411,0.055964714596689814
inflammatory_vs_hyperplastic,Inflammatory vs hyperplastic,Max,HighSignalRatio,0.587629503265243,0.01667916030431451,0.587629503265243
inflammatory_vs_hyperplastic,Inflammatory vs hyperplastic,Max,LowObj_Count,-0.4624452732463316,0.07129615366489923,0.4624452732463316
inflammatory_vs_hyperplastic,Inflammatory vs hyperplastic,Max,LowObj_Density_per_10kpx,-0.3961712691186727,0.12873814168285563,0.3961712691186727
inflammatory_vs_hyperplastic,Inflammatory vs hyperplastic,Max,LowObj_MeanArea_px,0.20176752367753958,0.4536394830896116,0.20176752367753958
inflammatory_vs_hyperplastic,Inflammatory vs hyperplastic,Max,LowObj_MedianArea_px,0.2665687721579173,0.31828262125436335,0.2665687721579173
inflammatory_vs_hyperplastic,Inflammatory vs hyperplastic,Max,LowObj_MeanCircularity,-0.4285718933588615,0.09766342893917161,0.4285718933588615
inflammatory_vs_hyperplastic,Inflammatory vs hyperplastic,Max,LowObj_MeanSolidity,-0.3328427762855763,0.2077889001109266,0.3328427762855763
inflammatory_vs_hyperplastic,Inflammatory vs hyperplastic,Max,LowObj_MeanEccentricity,0.017673067767375733,0.9482040183972815,0.017673067767375733
inflammatory_vs_hyperplastic,Inflammatory vs hyperplastic,Max,LowObj_MeanAspectRatio,-0.0073637782364065546,0.9784071991916393,0.0073637782364065546
inflammatory_vs_hyperplastic,Inflammatory vs hyperplastic,Max,LowObj_TotalAreaRatio_filtered,-0.022091334709219663,0.9352777599534966,0.022091334709219663
inflammatory_vs_hyperplastic,Inflammatory vs hyperplastic,P10,P25,0.9529411764705882,1.2096579348828995e-08,0.9529411764705882
inflammatory_vs_hyperplastic,Inflammatory vs hyperplastic,P10,P75,0.24282567280341982,0.36483938084147677,0.24282567280341982
inflammatory_vs_hyperplastic,Inflammatory vs hyperplastic,P10,P90,0.26176470588235295,0.3274104118125863,0.26176470588235295
inflammatory_vs_hyperplastic,Inflammatory vs hyperplastic,P10,IQR,-0.7705882352941176,0.00047682239536332553,0.7705882352941176
inflammatory_vs_hyperplastic,Inflammatory vs hyperplastic,P10,Skewness,-0.8205882352941177,9.841270416875375e-05,0.8205882352941177
inflammatory_vs_hyperplastic,Inflammatory vs hyperplastic,P10,Kurtosis,0.8764705882352942,8.439118583861077e-06,0.8764705882352942
inflammatory_vs_hyperplastic,Inflammatory vs hyperplastic,P10,GrayEntropy,-0.17058823529411765,0.5276097688612683,0.17058823529411765
inflammatory_vs_hyperplastic,Inflammatory vs hyperplastic,P10,GLCM_contrast,-0.36470588235294116,0.16486839724475397,0.36470588235294116
inflammatory_vs_hyperplastic,Inflammatory vs hyperplastic,P10,GLCM_dissimilarity,-0.3529411764705882,0.17995865788498175,0.3529411764705882
inflammatory_vs_hyperplastic,Inflammatory vs hyperplastic,P10,GLCM_homogeneity,0.14705882352941177,0.5867933937012054,0.14705882352941177
inflammatory_vs_hyperplastic,Inflammatory vs hyperplastic,P10,GLCM_ASM,-0.22058823529411767,0.41166643049796364,0.22058823529411767
inflammatory_vs_hyperplastic,Inflammatory vs hyperplastic,P10,GLCM_energy,-0.18529411764705883,0.492057050205944,0.18529411764705883
inflammatory_vs_hyperplastic,Inflammatory vs hyperplastic,P10,GLCM_correlation,-0.3382352941176471,0.20006555877868962,0.3382352941176471
inflammatory_vs_hyperplastic,Inflammatory vs hyperplastic,P10,GLCM_entropy,-0.18529411764705883,0.492057050205944,0.18529411764705883
inflammatory_vs_hyperplastic,Inflammatory vs hyperplastic,P10,LowSignalRatio,-0.976470588235294,1.0061504401171971e-10,0.976470588235294
inflammatory_vs_hyperplastic,Inflammatory vs hyperplastic,P10,HighSignalRatio,0.0823529411764706,0.7617330787524739,0.0823529411764706
inflammatory_vs_hyperplastic,Inflammatory vs hyperplastic,P10,LowObj_Count,-0.5970588235294118,0.014609731954981034,0.5970588235294118
inflammatory_vs_hyperplastic,Inflammatory vs hyperplastic,P10,LowObj_Density_per_10kpx,-0.7147058823529412,0.0018627410999474342,0.7147058823529412
inflammatory_vs_hyperplastic,Inflammatory vs hyperplastic,P10,LowObj_MeanArea_px,-0.6352941176470589,0.008182064616334002,0.6352941176470589
inflammatory_vs_hyperplastic,Inflammatory vs hyperplastic,P10,LowObj_MedianArea_px,-0.5852941176470587,0.01722528661609483,0.5852941176470587
inflammatory_vs_hyperplastic,Inflammatory vs hyperplastic,P10,LowObj_MeanCircularity,0.3970588235294118,0.12780600908826178,0.3970588235294118
inflammatory_vs_hyperplastic,Inflammatory vs hyperplastic,P10,LowObj_MeanSolidity,0.30882352941176466,0.24449869579851782,0.30882352941176466
inflammatory_vs_hyperplastic,Inflammatory vs hyperplastic,P10,LowObj_MeanEccentricity,0.09705882352941177,0.7206513082372035,0.09705882352941177
inflammatory_vs_hyperplastic,Inflammatory vs hyperplastic,P10,LowObj_MeanAspectRatio,-0.10588235294117648,0.6963341050381158,0.10588235294117648
inflammatory_vs_hyperplastic,Inflammatory vs hyperplastic,P10,LowObj_TotalAreaRatio_filtered,-0.9852941176470588,3.836719544768068e-12,0.9852941176470588
inflammatory_vs_hyperplastic,Inflammatory vs hyperplastic,P25,P75,0.38410606425268223,0.14187692227551837,0.38410606425268223
inflammatory_vs_hyperplastic,Inflammatory vs hyperplastic,P25,P90,0.40294117647058825,0.12174576295254301,0.40294117647058825
inflammatory_vs_hyperplastic,Inflammatory vs hyperplastic,P25,IQR,-0.6735294117647058,0.0042327392484605075,0.6735294117647058
inflammatory_vs_hyperplastic,Inflammatory vs hyperplastic,P25,Skewness,-0.8852941176470588,5.1471475768424675e-06,0.8852941176470588
inflammatory_vs_hyperplastic,Inflammatory vs hyperplastic,P25,Kurtosis,0.8176470588235294,0.00010936308081986552,0.8176470588235294
inflammatory_vs_hyperplastic,Inflammatory vs hyperplastic,P25,GrayEntropy,-0.09999999999999999,0.7125163701282782,0.09999999999999999
inflammatory_vs_hyperplastic,Inflammatory vs hyperplastic,P25,GLCM_contrast,-0.3,0.2589364525624988,0.3
inflammatory_vs_hyperplastic,Inflammatory vs hyperplastic,P25,GLCM_dissimilarity,-0.29705882352941176,0.26386301461352274,0.29705882352941176
inflammatory_vs_hyperplastic,Inflammatory vs hyperplastic,P25,GLCM_homogeneity,0.10882352941176471,0.6882882939574141,0.10882352941176471
inflammatory_vs_hyperplastic,Inflammatory vs hyperplastic,P25,GLCM_ASM,-0.19705882352941176,0.46446421122573883,0.19705882352941176
inflammatory_vs_hyperplastic,Inflammatory vs hyperplastic,P25,GLCM_energy,-0.17058823529411765,0.5276097688612683,0.17058823529411765
inflammatory_vs_hyperplastic,Inflammatory vs hyperplastic,P25,GLCM_correlation,-0.27941176470588236,0.2946176535684143,0.27941176470588236
inflammatory_vs_hyperplastic,Inflammatory vs hyperplastic,P25,GLCM_entropy,-0.11470588235294117,0.6722910465997233,0.11470588235294117
inflammatory_vs_hyperplastic,Inflammatory vs hyperplastic,P25,LowSignalRatio,-0.988235294117647,8.108881053980574e-13,0.988235294117647
inflammatory_vs_hyperplastic,Inflammatory vs hyperplastic,P25,HighSignalRatio,0.24705882352941175,0.35627504151257744,0.24705882352941175
inflammatory_vs_hyperplastic,Inflammatory vs hyperplastic,P25,LowObj_Count,-0.6088235294117647,0.012315203198246461,0.6088235294117647
inflammatory_vs_hyperplastic,Inflammatory vs hyperplastic,P25,LowObj_Density_per_10kpx,-0.7676470588235293,0.0005168835242959222,0.7676470588235293
inflammatory_vs_hyperplastic,Inflammatory vs hyperplastic,P25,LowObj_MeanArea_px,-0.65,0.006415706521175287,0.65
inflammatory_vs_hyperplastic,Inflammatory vs hyperplastic,P25,LowObj_MedianArea_px,-0.5441176470588236,0.029336337481376512,0.5441176470588236
inflammatory_vs_hyperplastic,Inflammatory vs hyperplastic,P25,LowObj_MeanCircularity,0.40294117647058825,0.12174576295254301,0.40294117647058825
inflammatory_vs_hyperplastic,Inflammatory vs hyperplastic,P25,LowObj_MeanSolidity,0.38823529411764707,0.1372816236727813,0.38823529411764707
inflammatory_vs_hyperplastic,Inflammatory vs hyperplastic,P25,LowObj_MeanEccentricity,0.011764705882352941,0.9655081698956275,0.011764705882352941
inflammatory_vs_hyperplastic,Inflammatory vs hyperplastic,P25,LowObj_MeanAspectRatio,-0.17941176470588235,0.5061395399904387,0.17941176470588235
inflammatory_vs_hyperplastic,Inflammatory vs hyperplastic,P25,LowObj_TotalAreaRatio_filtered,-0.9705882352941176,4.72340112728703e-10,0.9705882352941176
inflammatory_vs_hyperplastic,Inflammatory vs hyperplastic,P75,P90,0.9668876789808898,1.0721663925472718e-09,0.9668876789808898
inflammatory_vs_hyperplastic,Inflammatory vs hyperplastic,P75,IQR,0.37233269829857707,0.15555146225860222,0.37233269829857707
inflammatory_vs_hyperplastic,Inflammatory vs hyperplastic,P75,Skewness,-0.45474625997731355,0.07677207407340826,0.45474625997731355
inflammatory_vs_hyperplastic,Inflammatory vs hyperplastic,P75,Kurtosis,-0.16482712335747288,0.5418467058390636,0.16482712335747288
inflammatory_vs_hyperplastic,Inflammatory vs hyperplastic,P75,GrayEntropy,0.6519501397085756,0.006206337707389487,0.6519501397085756
inflammatory_vs_hyperplastic,Inflammatory vs hyperplastic,P75,GLCM_contrast,0.4753496503969976,0.06276326989114173,0.4753496503969976
inflammatory_vs_hyperplastic,Inflammatory vs hyperplastic,P75,GLCM_dissimilarity,0.44297289402320833,0.0857245835038891,0.44297289402320833
inflammatory_vs_hyperplastic,Inflammatory vs hyperplastic,P75,GLCM_homogeneity,-0.4915380285838923,0.05314841272291841,0.4915380285838923
inflammatory_vs_hyperplastic,Inflammatory vs hyperplastic,P75,GLCM_ASM,-0.4135394791379453,0.11133568912862452,0.4135394791379453
inflammatory_vs_hyperplastic,Inflammatory vs hyperplastic,P75,GLCM_energy,-0.43414286955762943,0.09291311562909883,0.43414286955762943
inflammatory_vs_hyperplastic,Inflammatory vs hyperplastic,P75,GLCM_correlation,0.31935255150510367,0.2279408831704286,0.31935255150510367
inflammatory_vs_hyperplastic,Inflammatory vs hyperplastic,P75,GLCM_entropy,0.6298750785446283,0.008922413220642638,0.6298750785446283
inflammatory_vs_hyperplastic,Inflammatory vs hyperplastic,P75,LowSignalRatio,-0.3237675637378931,0.22121455755855274,0.3237675637378931
inflammatory_vs_hyperplastic,Inflammatory vs hyperplastic,P75,HighSignalRatio,0.958057654515311,5.478771743492789e-09,0.958057654515311
inflammatory_vs_hyperplastic,Inflammatory vs hyperplastic,P75,LowObj_Count,-0.5268581264462079,0.03600468957461057,0.5268581264462079
inflammatory_vs_hyperplastic,Inflammatory vs hyperplastic,P75,LowObj_Density_per_10kpx,-0.35614432011168246,0.17576305760495206,0.35614432011168246
inflammatory_vs_hyperplastic,Inflammatory vs hyperplastic,P75,LowObj_MeanArea_px,-0.07799854944594697,0.7740180647858269,0.07799854944594697
inflammatory_vs_hyperplastic,Inflammatory vs hyperplastic,P75,LowObj_MedianArea_px,0.1250920132623678,0.6443683646471696,0.1250920132623678
inflammatory_vs_hyperplastic,Inflammatory vs hyperplastic,P75,LowObj_MeanCircularity,-0.05445181753773657,0.8412564044642663,0.05445181753773657
inflammatory_vs_hyperplastic,Inflammatory vs hyperplastic,P75,LowObj_MeanSolidity,0.33554092969199834,0.20390089517171986,0.33554092969199834
inflammatory_vs_hyperplastic,Inflammatory vs hyperplastic,P75,LowObj_MeanEccentricity,-0.2884474658755775,0.2786148367517801,0.2884474658755775
inflammatory_vs_hyperplastic,Inflammatory vs hyperplastic,P75,LowObj_MeanAspectRatio,-0.3002208318296827,0.2585688524343964,0.3002208318296827
inflammatory_vs_hyperplastic,Inflammatory vs hyperplastic,P75,LowObj_TotalAreaRatio_filtered,-0.2501840265247356,0.35002518025763824,0.2501840265247356
inflammatory_vs_hyperplastic,Inflammatory vs hyperplastic,P90,IQR,0.34705882352941175,0.18783442010629955,0.34705882352941175
inflammatory_vs_hyperplastic,Inflammatory vs hyperplastic,P90,Skewness,-0.3735294117647059,0.1541224698968481,0.3735294117647059
inflammatory_vs_hyperplastic,Inflammatory vs hyperplastic,P90,Kurtosis,-0.13529411764705881,0.6173674089706421,0.13529411764705881
inflammatory_vs_hyperplastic,Inflammatory vs hyperplastic,P90,GrayEntropy,0.7088235294117646,0.0021116812392545335,0.7088235294117646
inflammatory_vs_hyperplastic,Inflammatory vs hyperplastic,P90,GLCM_contrast,0.44705882352941173,0.08253692339537141,0.44705882352941173
inflammatory_vs_hyperplastic,Inflammatory vs hyperplastic,P90,GLCM_dissimilarity,0.4088235294117647,0.11588783814878345,0.4088235294117647
inflammatory_vs_hyperplastic,Inflammatory vs hyperplastic,P90,GLCM_homogeneity,-0.45294117647058824,0.07809874141672499,0.45294117647058824
inflammatory_vs_hyperplastic,Inflammatory vs hyperplastic,P90,GLCM_ASM,-0.5029411764705883,0.04706314046727303,0.5029411764705883
inflammatory_vs_hyperplastic,Inflammatory vs hyperplastic,P90,GLCM_energy,-0.5147058823529412,0.04134580644224891,0.5147058823529412
inflammatory_vs_hyperplastic,Inflammatory vs hyperplastic,P90,GLCM_correlation,0.4088235294117647,0.11588783814878345,0.4088235294117647
inflammatory_vs_hyperplastic,Inflammatory vs hyperplastic,P90,GLCM_entropy,0.6529411764705881,0.006102046679076996,0.6529411764705881
inflammatory_vs_hyperplastic,Inflammatory vs hyperplastic,P90,LowSignalRatio,-0.3294117647058824,0.21280142621621298,0.3294117647058824
inflammatory_vs_hyperplastic,Inflammatory vs hyperplastic,P90,HighSignalRatio,0.961764705882353,2.895080134041851e-09,0.961764705882353
inflammatory_vs_hyperplastic,Inflammatory vs hyperplastic,P90,LowObj_Count,-0.5058823529411764,0.04558161612394021,0.5058823529411764
inflammatory_vs_hyperplastic,Inflammatory vs hyperplastic,P90,LowObj_Density_per_10kpx,-0.4382352941176471,0.08953003199187991,0.4382352941176471
inflammatory_vs_hyperplastic,Inflammatory vs hyperplastic,P90,LowObj_MeanArea_px,0.008823529411764706,0.9741279946623942,0.008823529411764706
inflammatory_vs_hyperplastic,Inflammatory vs hyperplastic,P90,LowObj_MedianArea_px,0.21470588235294116,0.42455923362010284,0.21470588235294116
inflammatory_vs_hyperplastic,Inflammatory vs hyperplastic,P90,LowObj_MeanCircularity,-0.16764705882352943,0.5348568245819436,0.16764705882352943
inflammatory_vs_hyperplastic,Inflammatory vs hyperplastic,P90,LowObj_MeanSolidity,0.22647058823529412,0.39898292664128926,0.22647058823529412
inflammatory_vs_hyperplastic,Inflammatory vs hyperplastic,P90,LowObj_MeanEccentricity,-0.19999999999999998,0.45768790507519996,0.19999999999999998
inflammatory_vs_hyperplastic,Inflammatory vs hyperplastic,P90,LowObj_MeanAspectRatio,-0.19411764705882353,0.47128972836210753,0.19411764705882353
inflammatory_vs_hyperplastic,Inflammatory vs hyperplastic,P90,LowObj_TotalAreaRatio_filtered,-0.25,0.35039147910720203,0.25
inflammatory_vs_hyperplastic,Inflammatory vs hyperplastic,IQR,Skewness,0.5235294117647059,0.037412648130149384,0.5235294117647059
inflammatory_vs_hyperplastic,Inflammatory vs hyperplastic,IQR,Kurtosis,-0.9147058823529413,7.011802190203182e-07,0.9147058823529413
inflammatory_vs_hyperplastic,Inflammatory vs hyperplastic,IQR,GrayEntropy,0.5441176470588236,0.029336337481376512,0.5441176470588236
inflammatory_vs_hyperplastic,Inflammatory vs hyperplastic,IQR,GLCM_contrast,0.5970588235294118,0.014609731954981034,0.5970588235294118
inflammatory_vs_hyperplastic,Inflammatory vs hyperplastic,IQR,GLCM_dissimilarity,0.5558823529411765,0.025362176320607912,0.5558823529411765
inflammatory_vs_hyperplastic,Inflammatory vs hyperplastic,IQR,GLCM_homogeneity,-0.36470588235294116,0.16486839724475397,0.36470588235294116
inflammatory_vs_hyperplastic,Inflammatory vs hyperplastic,IQR,GLCM_ASM,-0.055882352941176466,0.8371372217954723,0.055882352941176466
inflammatory_vs_hyperplastic,Inflammatory vs hyperplastic,IQR,GLCM_energy,-0.09411764705882353,0.7288144270239807,0.09411764705882353
inflammatory_vs_hyperplastic,Inflammatory vs hyperplastic,IQR,GLCM_correlation,0.6235294117647059,0.009855650390922004,0.6235294117647059
inflammatory_vs_hyperplastic,Inflammatory vs hyperplastic,IQR,GLCM_entropy,0.5294117647058824,0.03495200678951804,0.5294117647058824
inflammatory_vs_hyperplastic,Inflammatory vs hyperplastic,IQR,LowSignalRatio,0.7294117647058823,0.0013430786823836695,0.7294117647058823
inflammatory_vs_hyperplastic,Inflammatory vs hyperplastic,IQR,HighSignalRatio,0.5029411764705883,0.04706314046727303,0.5029411764705883
inflammatory_vs_hyperplastic,Inflammatory vs hyperplastic,IQR,LowObj_Count,0.2411764705882353,0.3682066080426343,0.2411764705882353
inflammatory_vs_hyperplastic,Inflammatory vs hyperplastic,IQR,LowObj_Density_per_10kpx,0.39999999999999997,0.12475042359840005,0.39999999999999997
inflammatory_vs_hyperplastic,Inflammatory vs hyperplastic,IQR,LowObj_MeanArea_px,0.6176470588235293,0.010787984601948842,0.6176470588235293
inflammatory_vs_hyperplastic,Inflammatory vs hyperplastic,IQR,LowObj_MedianArea_px,0.6529411764705881,0.006102046679076996,0.6529411764705881
inflammatory_vs_hyperplastic,Inflammatory vs hyperplastic,IQR,LowObj_MeanCircularity,-0.3764705882352941,0.15064811528763097,0.3764705882352941
inflammatory_vs_hyperplastic,Inflammatory vs hyperplastic,IQR,LowObj_MeanSolidity,-0.02941176470588235,0.9138955872505002,0.02941176470588235
inflammatory_vs_hyperplastic,Inflammatory vs hyperplastic,IQR,LowObj_MeanEccentricity,-0.33529411764705885,0.20425458084551504,0.33529411764705885
inflammatory_vs_hyperplastic,Inflammatory vs hyperplastic,IQR,LowObj_MeanAspectRatio,-0.1264705882352941,0.6406944408168839,0.1264705882352941
inflammatory_vs_hyperplastic,Inflammatory vs hyperplastic,IQR,LowObj_TotalAreaRatio_filtered,0.7735294117647058,0.00043935565171172104,0.7735294117647058
inflammatory_vs_hyperplastic,Inflammatory vs hyperplastic,Skewness,Kurtosis,-0.6735294117647058,0.0042327392484605075,0.6735294117647058
inflammatory_vs_hyperplastic,Inflammatory vs hyperplastic,Skewness,GrayEntropy,0.21176470588235297,0.4310832472392213,0.21176470588235297
inflammatory_vs_hyperplastic,Inflammatory vs hyperplastic,Skewness,GLCM_contrast,0.2588235294117647,0.3330723066336084,0.2588235294117647
inflammatory_vs_hyperplastic,Inflammatory vs hyperplastic,Skewness,GLCM_dissimilarity,0.2647058823529412,0.3218043958686153,0.2647058823529412
inflammatory_vs_hyperplastic,Inflammatory vs hyperplastic,Skewness,GLCM_homogeneity,-0.08529411764705883,0.7534650694747835,0.08529411764705883
inflammatory_vs_hyperplastic,Inflammatory vs hyperplastic,Skewness,GLCM_ASM,-0.03529411764705882,0.8967532476935333,0.03529411764705882
inflammatory_vs_hyperplastic,Inflammatory vs hyperplastic,Skewness,GLCM_energy,-0.03823529411764706,0.8881976539853075,0.03823529411764706
inflammatory_vs_hyperplastic,Inflammatory vs hyperplastic,Skewness,GLCM_correlation,0.2823529411764706,0.2893498290632738,0.2823529411764706
inflammatory_vs_hyperplastic,Inflammatory vs hyperplastic,Skewness,GLCM_entropy,0.17058823529411765,0.5276097688612683,0.17058823529411765
inflammatory_vs_hyperplastic,Inflammatory vs hyperplastic,Skewness,LowSignalRatio,0.8911764705882352,3.618648907351986e-06,0.8911764705882352
inflammatory_vs_hyperplastic,Inflammatory vs hyperplastic,Skewness,HighSignalRatio,-0.29705882352941176,0.26386301461352274,0.29705882352941176
inflammatory_vs_hyperplastic,Inflammatory vs hyperplastic,Skewness,LowObj_Count,0.5294117647058824,0.03495200678951804,0.5294117647058824
inflammatory_vs_hyperplastic,Inflammatory vs hyperplastic,Skewness,LowObj_Density_per_10kpx,0.5,0.04858028888702389,0.5
inflammatory_vs_hyperplastic,Inflammatory vs hyperplastic,Skewness,LowObj_MeanArea_px,0.7676470588235293,0.0005168835242959222,0.7676470588235293
inflammatory_vs_hyperplastic,Inflammatory vs hyperplastic,Skewness,LowObj_MedianArea_px,0.6235294117647059,0.009855650390922004,0.6235294117647059
inflammatory_vs_hyperplastic,Inflammatory vs hyperplastic,Skewness,LowObj_MeanCircularity,-0.6470588235294118,0.006742077007179861,0.6470588235294118
inflammatory_vs_hyperplastic,Inflammatory vs hyperplastic,Skewness,LowObj_MeanSolidity,-0.6764705882352942,0.004008252390209358,0.6764705882352942
inflammatory_vs_hyperplastic,Inflammatory vs hyperplastic,Skewness,LowObj_MeanEccentricity,0.18823529411764706,0.4850866091454684,0.18823529411764706
inflammatory_vs_hyperplastic,Inflammatory vs hyperplastic,Skewness,LowObj_MeanAspectRatio,0.3558823529411765,0.17610373809159305,0.3558823529411765
inflammatory_vs_hyperplastic,Inflammatory vs hyperplastic,Skewness,LowObj_TotalAreaRatio_filtered,0.8647058823529412,1.544234049652657e-05,0.8647058823529412
inflammatory_vs_hyperplastic,Inflammatory vs hyperplastic,Kurtosis,GrayEntropy,-0.43529411764705883,0.09195235850572929,0.43529411764705883
inflammatory_vs_hyperplastic,Inflammatory vs hyperplastic,Kurtosis,GLCM_contrast,-0.5470588235294118,0.028301087242108818,0.5470588235294118
inflammatory_vs_hyperplastic,Inflammatory vs hyperplastic,Kurtosis,GLCM_dissimilarity,-0.5235294117647059,0.037412648130149384,0.5235294117647059
inflammatory_vs_hyperplastic,Inflammatory vs hyperplastic,Kurtosis,GLCM_homogeneity,0.3294117647058824,0.21280142621621298,0.3294117647058824
inflammatory_vs_hyperplastic,Inflammatory vs hyperplastic,Kurtosis,GLCM_ASM,-0.008823529411764706,0.9741279946623942,0.008823529411764706
inflammatory_vs_hyperplastic,Inflammatory vs hyperplastic,Kurtosis,GLCM_energy,0.02941176470588235,0.9138955872505002,0.02941176470588235
inflammatory_vs_hyperplastic,Inflammatory vs hyperplastic,Kurtosis,GLCM_correlation,-0.4735294117647058,0.06391907182682004,0.4735294117647058
inflammatory_vs_hyperplastic,Inflammatory vs hyperplastic,Kurtosis,GLCM_entropy,-0.4294117647058823,0.09693648522272376,0.4294117647058823
inflammatory_vs_hyperplastic,Inflammatory vs hyperplastic,Kurtosis,LowSignalRatio,-0.8529411764705882,2.679074057724726e-05,0.8529411764705882
inflammatory_vs_hyperplastic,Inflammatory vs hyperplastic,Kurtosis,HighSignalRatio,-0.28823529411764703,0.2789844597370832,0.28823529411764703
inflammatory_vs_hyperplastic,Inflammatory vs hyperplastic,Kurtosis,LowObj_Count,-0.3588235294117647,0.17230386289263253,0.3588235294117647
inflammatory_vs_hyperplastic,Inflammatory vs hyperplastic,Kurtosis,LowObj_Density_per_10kpx,-0.5705882352941177,0.020990696368217793,0.5705882352941177
inflammatory_vs_hyperplastic,Inflammatory vs hyperplastic,Kurtosis,LowObj_MeanArea_px,-0.6735294117647058,0.0042327392484605075,0.6735294117647058
inflammatory_vs_hyperplastic,Inflammatory vs hyperplastic,Kurtosis,LowObj_MedianArea_px,-0.6911764705882353,0.0030247187950434035,0.6911764705882353
inflammatory_vs_hyperplastic,Inflammatory vs hyperplastic,Kurtosis,LowObj_MeanCircularity,0.5029411764705883,0.04706314046727303,0.5029411764705883
inflammatory_vs_hyperplastic,Inflammatory vs hyperplastic,Kurtosis,LowObj_MeanSolidity,0.2088235294117647,0.4376585109498007,0.2088235294117647
inflammatory_vs_hyperplastic,Inflammatory vs hyperplastic,Kurtosis,LowObj_MeanEccentricity,0.16176470588235295,0.5494831434036931,0.16176470588235295
inflammatory_vs_hyperplastic,Inflammatory vs hyperplastic,Kurtosis,LowObj_MeanAspectRatio,-0.03823529411764706,0.8881976539853075,0.03823529411764706
inflammatory_vs_hyperplastic,Inflammatory vs hyperplastic,Kurtosis,LowObj_TotalAreaRatio_filtered,-0.8764705882352942,8.439118583861077e-06,0.8764705882352942
inflammatory_vs_hyperplastic,Inflammatory vs hyperplastic,GrayEntropy,GLCM_contrast,0.6411764705882352,0.007434419082533941,0.6411764705882352
inflammatory_vs_hyperplastic,Inflammatory vs hyperplastic,GrayEntropy,GLCM_dissimilarity,0.6264705882352941,0.009413977306783627,0.6264705882352941
inflammatory_vs_hyperplastic,Inflammatory vs hyperplastic,GrayEntropy,GLCM_homogeneity,-0.6352941176470589,0.008182064616334002,0.6352941176470589
inflammatory_vs_hyperplastic,Inflammatory vs hyperplastic,GrayEntropy,GLCM_ASM,-0.7529411764705882,0.0007610810731946066,0.7529411764705882
inflammatory_vs_hyperplastic,Inflammatory vs hyperplastic,GrayEntropy,GLCM_energy,-0.7705882352941176,0.00047682239536332553,0.7705882352941176
inflammatory_vs_hyperplastic,Inflammatory vs hyperplastic,GrayEntropy,GLCM_correlation,0.4970588235294117,0.050133557803774174,0.4970588235294117
inflammatory_vs_hyperplastic,Inflammatory vs hyperplastic,GrayEntropy,GLCM_entropy,0.9264705882352942,2.561397065047752e-07,0.9264705882352942
inflammatory_vs_hyperplastic,Inflammatory vs hyperplastic,GrayEntropy,LowSignalRatio,0.17352941176470588,0.5204075144487407,0.17352941176470588
inflammatory_vs_hyperplastic,Inflammatory vs hyperplastic,GrayEntropy,HighSignalRatio,0.7147058823529412,0.0018627410999474342,0.7147058823529412
inflammatory_vs_hyperplastic,Inflammatory vs hyperplastic,GrayEntropy,LowObj_Count,-0.12352941176470587,0.6485420669723406,0.12352941176470587
inflammatory_vs_hyperplastic,Inflammatory vs hyperplastic,GrayEntropy,LowObj_Density_per_10kpx,-0.09999999999999999,0.7125163701282782,0.09999999999999999
inflammatory_vs_hyperplastic,Inflammatory vs hyperplastic,GrayEntropy,LowObj_MeanArea_px,0.4088235294117647,0.11588783814878345,0.4088235294117647
inflammatory_vs_hyperplastic,Inflammatory vs hyperplastic,GrayEntropy,LowObj_MedianArea_px,0.55,0.027293972709730583,0.55
inflammatory_vs_hyperplastic,Inflammatory vs hyperplastic,GrayEntropy,LowObj_MeanCircularity,-0.6647058823529411,0.0049673859374819995,0.6647058823529411
inflammatory_vs_hyperplastic,Inflammatory vs hyperplastic,GrayEntropy,LowObj_MeanSolidity,-0.37941176470588234,0.1472271338628926,0.37941176470588234
inflammatory_vs_hyperplastic,Inflammatory vs hyperplastic,GrayEntropy,LowObj_MeanEccentricity,0.06470588235294117,0.8118214513105935,0.06470588235294117
inflammatory_vs_hyperplastic,Inflammatory vs hyperplastic,GrayEntropy,LowObj_MeanAspectRatio,0.09705882352941177,0.7206513082372035,0.09705882352941177
inflammatory_vs_hyperplastic,Inflammatory vs hyperplastic,GrayEntropy,LowObj_TotalAreaRatio_filtered,0.22647058823529412,0.39898292664128926,0.22647058823529412
inflammatory_vs_hyperplastic,Inflammatory vs hyperplastic,GLCM_contrast,GLCM_dissimilarity,0.9911764705882352,1.090829151044042e-13,0.9911764705882352
inflammatory_vs_hyperplastic,Inflammatory vs hyperplastic,GLCM_contrast,GLCM_homogeneity,-0.9382352941176471,7.802219772943019e-08,0.9382352941176471
inflammatory_vs_hyperplastic,Inflammatory vs hyperplastic,GLCM_contrast,GLCM_ASM,-0.5235294117647059,0.037412648130149384,0.5235294117647059
inflammatory_vs_hyperplastic,Inflammatory vs hyperplastic,GLCM_contrast,GLCM_energy,-0.5529411764705882,0.026314499870666506,0.5529411764705882
inflammatory_vs_hyperplastic,Inflammatory vs hyperplastic,GLCM_contrast,GLCM_correlation,0.02647058823529412,0.9224805705017287,0.02647058823529412
inflammatory_vs_hyperplastic,Inflammatory vs hyperplastic,GLCM_contrast,GLCM_entropy,0.8294117647058824,7.088454064639912e-05,0.8294117647058824
inflammatory_vs_hyperplastic,Inflammatory vs hyperplastic,GLCM_contrast,LowSignalRatio,0.3411764705882353,0.19593262486788887,0.3411764705882353
inflammatory_vs_hyperplastic,Inflammatory vs hyperplastic,GLCM_contrast,HighSignalRatio,0.5205882352941177,0.03869090714064993,0.5205882352941177
inflammatory_vs_hyperplastic,Inflammatory vs hyperplastic,GLCM_contrast,LowObj_Count,-0.29411764705882354,0.26884655462289303,0.29411764705882354
inflammatory_vs_hyperplastic,Inflammatory vs hyperplastic,GLCM_contrast,LowObj_Density_per_10kpx,0.13823529411764704,0.6096659407501827,0.13823529411764704
inflammatory_vs_hyperplastic,Inflammatory vs hyperplastic,GLCM_contrast,LowObj_MeanArea_px,0.1764705882352941,0.5132505967364671,0.1764705882352941
inflammatory_vs_hyperplastic,Inflammatory vs hyperplastic,GLCM_contrast,LowObj_MedianArea_px,0.2352941176470588,0.3803558011886571,0.2352941176470588
inflammatory_vs_hyperplastic,Inflammatory vs hyperplastic,GLCM_contrast,LowObj_MeanCircularity,-0.411764705882353,0.11303386621436715,0.411764705882353
inflammatory_vs_hyperplastic,Inflammatory vs hyperplastic,GLCM_contrast,LowObj_MeanSolidity,-0.3588235294117647,0.17230386289263253,0.3588235294117647
inflammatory_vs_hyperplastic,Inflammatory vs hyperplastic,GLCM_contrast,LowObj_MeanEccentricity,-0.01764705882352941,0.9482801500547113,0.01764705882352941
inflammatory_vs_hyperplastic,Inflammatory vs hyperplastic,GLCM_contrast,LowObj_MeanAspectRatio,0.0058823529411764705,0.9827505044191351,0.0058823529411764705
inflammatory_vs_hyperplastic,Inflammatory vs hyperplastic,GLCM_contrast,LowObj_TotalAreaRatio_filtered,0.3911764705882353,0.13407128619725525,0.3911764705882353
inflammatory_vs_hyperplastic,Inflammatory vs hyperplastic,GLCM_dissimilarity,GLCM_homogeneity,-0.9529411764705882,1.2096579348828995e-08,0.9529411764705882
inflammatory_vs_hyperplastic,Inflammatory vs hyperplastic,GLCM_dissimilarity,GLCM_ASM,-0.5176470588235293,0.04000179295956071,0.5176470588235293
inflammatory_vs_hyperplastic,Inflammatory vs hyperplastic,GLCM_dissimilarity,GLCM_energy,-0.5441176470588236,0.029336337481376512,0.5441176470588236
inflammatory_vs_hyperplastic,Inflammatory vs hyperplastic,GLCM_dissimilarity,GLCM_correlation,-0.044117647058823525,0.8711220048065985,0.044117647058823525
inflammatory_vs_hyperplastic,Inflammatory vs hyperplastic,GLCM_dissimilarity,GLCM_entropy,0.8176470588235294,0.00010936308081986552,0.8176470588235294
inflammatory_vs_hyperplastic,Inflammatory vs hyperplastic,GLCM_dissimilarity,LowSignalRatio,0.33529411764705885,0.20425458084551504,0.33529411764705885
inflammatory_vs_hyperplastic,Inflammatory vs hyperplastic,GLCM_dissimilarity,HighSignalRatio,0.4705882352941176,0.06581947250108111,0.4705882352941176
inflammatory_vs_hyperplastic,Inflammatory vs hyperplastic,GLCM_dissimilarity,LowObj_Count,-0.3205882352941176,0.22604542220798232,0.3205882352941176
inflammatory_vs_hyperplastic,Inflammatory vs hyperplastic,GLCM_dissimilarity,LowObj_Density_per_10kpx,0.1411764705882353,0.6020026838819792,0.1411764705882353
inflammatory_vs_hyperplastic,Inflammatory vs hyperplastic,GLCM_dissimilarity,LowObj_MeanArea_px,0.13823529411764704,0.6096659407501827,0.13823529411764704
inflammatory_vs_hyperplastic,Inflammatory vs hyperplastic,GLCM_dissimilarity,LowObj_MedianArea_px,0.18529411764705883,0.492057050205944,0.18529411764705883
inflammatory_vs_hyperplastic,Inflammatory vs hyperplastic,GLCM_dissimilarity,LowObj_MeanCircularity,-0.411764705882353,0.11303386621436715,0.411764705882353
inflammatory_vs_hyperplastic,Inflammatory vs hyperplastic,GLCM_dissimilarity,LowObj_MeanSolidity,-0.3941176470588235,0.13091285429899088,0.3941176470588235
inflammatory_vs_hyperplastic,Inflammatory vs hyperplastic,GLCM_dissimilarity,LowObj_MeanEccentricity,-0.008823529411764706,0.9741279946623942,0.008823529411764706
inflammatory_vs_hyperplastic,Inflammatory vs hyperplastic,GLCM_dissimilarity,LowObj_MeanAspectRatio,-0.008823529411764706,0.9741279946623942,0.008823529411764706
inflammatory_vs_hyperplastic,Inflammatory vs hyperplastic,GLCM_dissimilarity,LowObj_TotalAreaRatio_filtered,0.37941176470588234,0.1472271338628926,0.37941176470588234
inflammatory_vs_hyperplastic,Inflammatory vs hyperplastic,GLCM_homogeneity,GLCM_ASM,0.5823529411764706,0.017932734131035365,0.5823529411764706
inflammatory_vs_hyperplastic,Inflammatory vs hyperplastic,GLCM_homogeneity,GLCM_energy,0.6088235294117647,0.012315203198246461,0.6088235294117647
inflammatory_vs_hyperplastic,Inflammatory vs hyperplastic,GLCM_homogeneity,GLCM_correlation,0.1647058823529412,0.542148135201078,0.1647058823529412
inflammatory_vs_hyperplastic,Inflammatory vs hyperplastic,GLCM_homogeneity,GLCM_entropy,-0.8294117647058824,7.088454064639912e-05,0.8294117647058824
inflammatory_vs_hyperplastic,Inflammatory vs hyperplastic,GLCM_homogeneity,LowSignalRatio,-0.12941176470588234,0.6328823324682601,0.12941176470588234
inflammatory_vs_hyperplastic,Inflammatory vs hyperplastic,GLCM_homogeneity,HighSignalRatio,-0.4911764705882353,0.05335043567794327,0.4911764705882353
inflammatory_vs_hyperplastic,Inflammatory vs hyperplastic,GLCM_homogeneity,LowObj_Count,0.4294117647058823,0.09693648522272376,0.4294117647058823
inflammatory_vs_hyperplastic,Inflammatory vs hyperplastic,GLCM_homogeneity,LowObj_Density_per_10kpx,-0.10588235294117648,0.6963341050381158,0.10588235294117648
inflammatory_vs_hyperplastic,Inflammatory vs hyperplastic,GLCM_homogeneity,LowObj_MeanArea_px,0.055882352941176466,0.8371372217954723,0.055882352941176466
inflammatory_vs_hyperplastic,Inflammatory vs hyperplastic,GLCM_homogeneity,LowObj_MedianArea_px,-0.011764705882352941,0.9655081698956275,0.011764705882352941
inflammatory_vs_hyperplastic,Inflammatory vs hyperplastic,GLCM_homogeneity,LowObj_MeanCircularity,0.33529411764705885,0.20425458084551504,0.33529411764705885
inflammatory_vs_hyperplastic,Inflammatory vs hyperplastic,GLCM_homogeneity,LowObj_MeanSolidity,0.3764705882352941,0.15064811528763097,0.3764705882352941
inflammatory_vs_hyperplastic,Inflammatory vs hyperplastic,GLCM_homogeneity,LowObj_MeanEccentricity,-0.08823529411764705,0.7452220943671326,0.08823529411764705
inflammatory_vs_hyperplastic,Inflammatory vs hyperplastic,GLCM_homogeneity,LowObj_MeanAspectRatio,-0.032352941176470584,0.9053195187918449,0.032352941176470584
inflammatory_vs_hyperplastic,Inflammatory vs hyperplastic,GLCM_homogeneity,LowObj_TotalAreaRatio_filtered,-0.1764705882352941,0.5132505967364671,0.1764705882352941
inflammatory_vs_hyperplastic,Inflammatory vs hyperplastic,GLCM_ASM,GLCM_energy,0.9970588235294118,5.065588344992121e-17,0.9970588235294118
inflammatory_vs_hyperplastic,Inflammatory vs hyperplastic,GLCM_ASM,GLCM_correlation,-0.14411764705882352,0.5943782881736934,0.14411764705882352
inflammatory_vs_hyperplastic,Inflammatory vs hyperplastic,GLCM_ASM,GLCM_entropy,-0.7735294117647058,0.00043935565171172104,0.7735294117647058
inflammatory_vs_hyperplastic,Inflammatory vs hyperplastic,GLCM_ASM,LowSignalRatio,0.15294117647058825,0.5717446192454617,0.15294117647058825
inflammatory_vs_hyperplastic,Inflammatory vs hyperplastic,GLCM_ASM,HighSignalRatio,-0.4323529411764706,0.09442103753478692,0.4323529411764706
inflammatory_vs_hyperplastic,Inflammatory vs hyperplastic,GLCM_ASM,LowObj_Count,0.22647058823529412,0.39898292664128926,0.22647058823529412
inflammatory_vs_hyperplastic,Inflammatory vs hyperplastic,GLCM_ASM,LowObj_Density_per_10kpx,0.38235294117647056,0.14385924954389048,0.38235294117647056
inflammatory_vs_hyperplastic,Inflammatory vs hyperplastic,GLCM_ASM,LowObj_MeanArea_px,-0.1323529411764706,0.6251064291516133,0.1323529411764706
inflammatory_vs_hyperplastic,Inflammatory vs hyperplastic,GLCM_ASM,LowObj_MedianArea_px,-0.26176470588235295,0.3274104118125863,0.26176470588235295
inflammatory_vs_hyperplastic,Inflammatory vs hyperplastic,GLCM_ASM,LowObj_MeanCircularity,0.5441176470588236,0.029336337481376512,0.5441176470588236
inflammatory_vs_hyperplastic,Inflammatory vs hyperplastic,GLCM_ASM,LowObj_MeanSolidity,0.4794117647058824,0.0602393025043159,0.4794117647058824
inflammatory_vs_hyperplastic,Inflammatory vs hyperplastic,GLCM_ASM,LowObj_MeanEccentricity,-0.21764705882352942,0.41808684161130316,0.21764705882352942
inflammatory_vs_hyperplastic,Inflammatory vs hyperplastic,GLCM_ASM,LowObj_MeanAspectRatio,-0.16176470588235295,0.5494831434036931,0.16176470588235295
inflammatory_vs_hyperplastic,Inflammatory vs hyperplastic,GLCM_ASM,LowObj_TotalAreaRatio_filtered,0.12058823529411765,0.6564245147485953,0.12058823529411765
inflammatory_vs_hyperplastic,Inflammatory vs hyperplastic,GLCM_energy,GLCM_correlation,-0.15294117647058825,0.5717446192454617,0.15294117647058825
inflammatory_vs_hyperplastic,Inflammatory vs hyperplastic,GLCM_energy,GLCM_entropy,-0.7999999999999999,0.00019857097280000065,0.7999999999999999
inflammatory_vs_hyperplastic,Inflammatory vs hyperplastic,GLCM_energy,LowSignalRatio,0.1264705882352941,0.6406944408168839,0.1264705882352941
inflammatory_vs_hyperplastic,Inflammatory vs hyperplastic,GLCM_energy,HighSignalRatio,-0.4617647058823529,0.07176841584053804,0.4617647058823529
inflammatory_vs_hyperplastic,Inflammatory vs hyperplastic,GLCM_energy,LowObj_Count,0.2088235294117647,0.4376585109498007,0.2088235294117647
inflammatory_vs_hyperplastic,Inflammatory vs hyperplastic,GLCM_energy,LowObj_Density_per_10kpx,0.3382352941176471,0.20006555877868962,0.3382352941176471
inflammatory_vs_hyperplastic,Inflammatory vs hyperplastic,GLCM_energy,LowObj_MeanArea_px,-0.12941176470588234,0.6328823324682601,0.12941176470588234
inflammatory_vs_hyperplastic,Inflammatory vs hyperplastic,GLCM_energy,LowObj_MedianArea_px,-0.27058823529411763,0.3107606271023349,0.27058823529411763
inflammatory_vs_hyperplastic,Inflammatory vs hyperplastic,GLCM_energy,LowObj_MeanCircularity,0.5411764705882353,0.030400218888170166,0.5411764705882353
inflammatory_vs_hyperplastic,Inflammatory vs hyperplastic,GLCM_energy,LowObj_MeanSolidity,0.4647058823529412,0.06974367557375588,0.4647058823529412
inflammatory_vs_hyperplastic,Inflammatory vs hyperplastic,GLCM_energy,LowObj_MeanEccentricity,-0.2058823529411765,0.4442846410521442,0.2058823529411765
inflammatory_vs_hyperplastic,Inflammatory vs hyperplastic,GLCM_energy,LowObj_MeanAspectRatio,-0.15882352941176472,0.5568612810855391,0.15882352941176472
inflammatory_vs_hyperplastic,Inflammatory vs hyperplastic,GLCM_energy,LowObj_TotalAreaRatio_filtered,0.08823529411764705,0.7452220943671326,0.08823529411764705
inflammatory_vs_hyperplastic,Inflammatory vs hyperplastic,GLCM_correlation,GLCM_entropy,0.2764705882352941,0.29994212849237334,0.2764705882352941
inflammatory_vs_hyperplastic,Inflammatory vs hyperplastic,GLCM_correlation,LowSignalRatio,0.34411764705882353,0.19185563142554296,0.34411764705882353
inflammatory_vs_hyperplastic,Inflammatory vs hyperplastic,GLCM_correlation,HighSignalRatio,0.4441176470588235,0.08482274417741573,0.4441176470588235
inflammatory_vs_hyperplastic,Inflammatory vs hyperplastic,GLCM_correlation,LowObj_Count,0.3852941176470588,0.14054417737367633,0.3852941176470588
inflammatory_vs_hyperplastic,Inflammatory vs hyperplastic,GLCM_correlation,LowObj_Density_per_10kpx,0.0411764705882353,0.8796536149318311,0.0411764705882353
inflammatory_vs_hyperplastic,Inflammatory vs hyperplastic,GLCM_correlation,LowObj_MeanArea_px,0.6088235294117647,0.012315203198246461,0.6088235294117647
inflammatory_vs_hyperplastic,Inflammatory vs hyperplastic,GLCM_correlation,LowObj_MedianArea_px,0.7617647058823529,0.0006053428380705889,0.7617647058823529
inflammatory_vs_hyperplastic,Inflammatory vs hyperplastic,GLCM_correlation,LowObj_MeanCircularity,-0.2911764705882353,0.27388704841914857,0.2911764705882353
inflammatory_vs_hyperplastic,Inflammatory vs hyperplastic,GLCM_correlation,LowObj_MeanSolidity,0.1264705882352941,0.6406944408168839,0.1264705882352941
inflammatory_vs_hyperplastic,Inflammatory vs hyperplastic,GLCM_correlation,LowObj_MeanEccentricity,-0.27941176470588236,0.2946176535684143,0.27941176470588236
inflammatory_vs_hyperplastic,Inflammatory vs hyperplastic,GLCM_correlation,LowObj_MeanAspectRatio,-0.09411764705882353,0.7288144270239807,0.09411764705882353
inflammatory_vs_hyperplastic,Inflammatory vs hyperplastic,GLCM_correlation,LowObj_TotalAreaRatio_filtered,0.38235294117647056,0.14385924954389048,0.38235294117647056
inflammatory_vs_hyperplastic,Inflammatory vs hyperplastic,GLCM_entropy,LowSignalRatio,0.18235294117647058,0.4990748572458002,0.18235294117647058
inflammatory_vs_hyperplastic,Inflammatory vs hyperplastic,GLCM_entropy,HighSignalRatio,0.6823529411764706,0.0035879704117567236,0.6823529411764706
inflammatory_vs_hyperplastic,Inflammatory vs hyperplastic,GLCM_entropy,LowObj_Count,-0.22058823529411767,0.41166643049796364,0.22058823529411767
inflammatory_vs_hyperplastic,Inflammatory vs hyperplastic,GLCM_entropy,LowObj_Density_per_10kpx,-0.0411764705882353,0.8796536149318311,0.0411764705882353
inflammatory_vs_hyperplastic,Inflammatory vs hyperplastic,GLCM_entropy,LowObj_MeanArea_px,0.28529411764705886,0.284138740159563,0.28529411764705886
inflammatory_vs_hyperplastic,Inflammatory vs hyperplastic,GLCM_entropy,LowObj_MedianArea_px,0.39999999999999997,0.12475042359840005,0.39999999999999997
inflammatory_vs_hyperplastic,Inflammatory vs hyperplastic,GLCM_entropy,LowObj_MeanCircularity,-0.6176470588235293,0.010787984601948842,0.6176470588235293
inflammatory_vs_hyperplastic,Inflammatory vs hyperplastic,GLCM_entropy,LowObj_MeanSolidity,-0.4088235294117647,0.11588783814878345,0.4088235294117647
inflammatory_vs_hyperplastic,Inflammatory vs hyperplastic,GLCM_entropy,LowObj_MeanEccentricity,0.1264705882352941,0.6406944408168839,0.1264705882352941
inflammatory_vs_hyperplastic,Inflammatory vs hyperplastic,GLCM_entropy,LowObj_MeanAspectRatio,0.13529411764705881,0.6173674089706421,0.13529411764705881
inflammatory_vs_hyperplastic,Inflammatory vs hyperplastic,GLCM_entropy,LowObj_TotalAreaRatio_filtered,0.23823529411764705,0.37425412972798855,0.23823529411764705
inflammatory_vs_hyperplastic,Inflammatory vs hyperplastic,LowSignalRatio,HighSignalRatio,-0.17352941176470588,0.5204075144487407,0.17352941176470588
inflammatory_vs_hyperplastic,Inflammatory vs hyperplastic,LowSignalRatio,LowObj_Count,0.611764705882353,0.011788405053115205,0.611764705882353
inflammatory_vs_hyperplastic,Inflammatory vs hyperplastic,LowSignalRatio,LowObj_Density_per_10kpx,0.7147058823529412,0.0018627410999474342,0.7147058823529412
inflammatory_vs_hyperplastic,Inflammatory vs hyperplastic,LowSignalRatio,LowObj_MeanArea_px,0.6941176470588235,0.0028537059034569076,0.6941176470588235
inflammatory_vs_hyperplastic,Inflammatory vs hyperplastic,LowSignalRatio,LowObj_MedianArea_px,0.6058823529411764,0.012860298533367195,0.6058823529411764
inflammatory_vs_hyperplastic,Inflammatory vs hyperplastic,LowSignalRatio,LowObj_MeanCircularity,-0.4617647058823529,0.07176841584053804,0.4617647058823529
inflammatory_vs_hyperplastic,Inflammatory vs hyperplastic,LowSignalRatio,LowObj_MeanSolidity,-0.40294117647058825,0.12174576295254301,0.40294117647058825
inflammatory_vs_hyperplastic,Inflammatory vs hyperplastic,LowSignalRatio,LowObj_MeanEccentricity,-0.01764705882352941,0.9482801500547113,0.01764705882352941
inflammatory_vs_hyperplastic,Inflammatory vs hyperplastic,LowSignalRatio,LowObj_MeanAspectRatio,0.17941176470588235,0.5061395399904387,0.17941176470588235
inflammatory_vs_hyperplastic,Inflammatory vs hyperplastic,LowSignalRatio,LowObj_TotalAreaRatio_filtered,0.9911764705882352,1.090829151044042e-13,0.9911764705882352
inflammatory_vs_hyperplastic,Inflammatory vs hyperplastic,HighSignalRatio,LowObj_Count,-0.39999999999999997,0.12475042359840005,0.39999999999999997
inflammatory_vs_hyperplastic,Inflammatory vs hyperplastic,HighSignalRatio,LowObj_Density_per_10kpx,-0.24705882352941175,0.35627504151257744,0.24705882352941175
inflammatory_vs_hyperplastic,Inflammatory vs hyperplastic,HighSignalRatio,LowObj_MeanArea_px,0.03529411764705882,0.8967532476935333,0.03529411764705882
inflammatory_vs_hyperplastic,Inflammatory vs hyperplastic,HighSignalRatio,LowObj_MedianArea_px,0.23823529411764705,0.37425412972798855,0.23823529411764705
inflammatory_vs_hyperplastic,Inflammatory vs hyperplastic,HighSignalRatio,LowObj_MeanCircularity,-0.14411764705882352,0.5943782881736934,0.14411764705882352
inflammatory_vs_hyperplastic,Inflammatory vs hyperplastic,HighSignalRatio,LowObj_MeanSolidity,0.2647058823529412,0.3218043958686153,0.2647058823529412
inflammatory_vs_hyperplastic,Inflammatory vs hyperplastic,HighSignalRatio,LowObj_MeanEccentricity,-0.23823529411764705,0.37425412972798855,0.23823529411764705
inflammatory_vs_hyperplastic,Inflammatory vs hyperplastic,HighSignalRatio,LowObj_MeanAspectRatio,-0.18235294117647058,0.4990748572458002,0.18235294117647058
inflammatory_vs_hyperplastic,Inflammatory vs hyperplastic,HighSignalRatio,LowObj_TotalAreaRatio_filtered,-0.07941176470588236,0.7700253190398251,0.07941176470588236
inflammatory_vs_hyperplastic,Inflammatory vs hyperplastic,LowObj_Count,LowObj_Density_per_10kpx,0.5058823529411764,0.04558161612394021,0.5058823529411764
inflammatory_vs_hyperplastic,Inflammatory vs hyperplastic,LowObj_Count,LowObj_MeanArea_px,0.4735294117647058,0.06391907182682004,0.4735294117647058
inflammatory_vs_hyperplastic,Inflammatory vs hyperplastic,LowObj_Count,LowObj_MedianArea_px,0.4970588235294117,0.050133557803774174,0.4970588235294117
inflammatory_vs_hyperplastic,Inflammatory vs hyperplastic,LowObj_Count,LowObj_MeanCircularity,-0.15588235294117647,0.5642819694728023,0.15588235294117647
inflammatory_vs_hyperplastic,Inflammatory vs hyperplastic,LowObj_Count,LowObj_MeanSolidity,-0.09999999999999999,0.7125163701282782,0.09999999999999999
inflammatory_vs_hyperplastic,Inflammatory vs hyperplastic,LowObj_Count,LowObj_MeanEccentricity,-0.11176470588235293,0.6802736949858407,0.11176470588235293
inflammatory_vs_hyperplastic,Inflammatory vs hyperplastic,LowObj_Count,LowObj_MeanAspectRatio,0.049999999999999996,0.8540995521297438,0.049999999999999996
inflammatory_vs_hyperplastic,Inflammatory vs hyperplastic,LowObj_Count,LowObj_TotalAreaRatio_filtered,0.5941176470588235,0.015232400876327995,0.5941176470588235
inflammatory_vs_hyperplastic,Inflammatory vs hyperplastic,LowObj_Density_per_10kpx,LowObj_MeanArea_px,0.1411764705882353,0.6020026838819792,0.1411764705882353
inflammatory_vs_hyperplastic,Inflammatory vs hyperplastic,LowObj_Density_per_10kpx,LowObj_MedianArea_px,0.09117647058823529,0.7370049501736591,0.09117647058823529
inflammatory_vs_hyperplastic,Inflammatory vs hyperplastic,LowObj_Density_per_10kpx,LowObj_MeanCircularity,-0.01764705882352941,0.9482801500547113,0.01764705882352941
inflammatory_vs_hyperplastic,Inflammatory vs hyperplastic,LowObj_Density_per_10kpx,LowObj_MeanSolidity,-0.11176470588235293,0.6802736949858407,0.11176470588235293
inflammatory_vs_hyperplastic,Inflammatory vs hyperplastic,LowObj_Density_per_10kpx,LowObj_MeanEccentricity,0.07058823529411765,0.7950393023376281,0.07058823529411765
inflammatory_vs_hyperplastic,Inflammatory vs hyperplastic,LowObj_Density_per_10kpx,LowObj_MeanAspectRatio,0.19411764705882353,0.47128972836210753,0.19411764705882353
inflammatory_vs_hyperplastic,Inflammatory vs hyperplastic,LowObj_Density_per_10kpx,LowObj_TotalAreaRatio_filtered,0.7176470588235294,0.0017475350604702388,0.7176470588235294
inflammatory_vs_hyperplastic,Inflammatory vs hyperplastic,LowObj_MeanArea_px,LowObj_MedianArea_px,0.9058823529411765,1.3635133553269886e-06,0.9058823529411765
inflammatory_vs_hyperplastic,Inflammatory vs hyperplastic,LowObj_MeanArea_px,LowObj_MeanCircularity,-0.7647058823529411,0.0005596762943567444,0.7647058823529411
inflammatory_vs_hyperplastic,Inflammatory vs hyperplastic,LowObj_MeanArea_px,LowObj_MeanSolidity,-0.4617647058823529,0.07176841584053804,0.4617647058823529
inflammatory_vs_hyperplastic,Inflammatory vs hyperplastic,LowObj_MeanArea_px,LowObj_MeanEccentricity,0.1264705882352941,0.6406944408168839,0.1264705882352941
inflammatory_vs_hyperplastic,Inflammatory vs hyperplastic,LowObj_MeanArea_px,LowObj_MeanAspectRatio,0.31764705882352945,0.2305734636218452,0.31764705882352945
inflammatory_vs_hyperplastic,Inflammatory vs hyperplastic,LowObj_MeanArea_px,LowObj_TotalAreaRatio_filtered,0.6647058823529411,0.0049673859374819995,0.6647058823529411
inflammatory_vs_hyperplastic,Inflammatory vs hyperplastic,LowObj_MedianArea_px,LowObj_MeanCircularity,-0.711764705882353,0.0019840432477699634,0.711764705882353
inflammatory_vs_hyperplastic,Inflammatory vs hyperplastic,LowObj_MedianArea_px,LowObj_MeanSolidity,-0.33529411764705885,0.20425458084551504,0.33529411764705885
inflammatory_vs_hyperplastic,Inflammatory vs hyperplastic,LowObj_MedianArea_px,LowObj_MeanEccentricity,-0.044117647058823525,0.8711220048065985,0.044117647058823525
inflammatory_vs_hyperplastic,Inflammatory vs hyperplastic,LowObj_MedianArea_px,LowObj_MeanAspectRatio,0.13529411764705881,0.6173674089706421,0.13529411764705881
inflammatory_vs_hyperplastic,Inflammatory vs hyperplastic,LowObj_MedianArea_px,LowObj_TotalAreaRatio_filtered,0.611764705882353,0.011788405053115205,0.611764705882353
inflammatory_vs_hyperplastic,Inflammatory vs hyperplastic,LowObj_MeanCircularity,LowObj_MeanSolidity,0.8088235294117646,0.0001484755922323442,0.8088235294117646
inflammatory_vs_hyperplastic,Inflammatory vs hyperplastic,LowObj_MeanCircularity,LowObj_MeanEccentricity,-0.5117647058823529,0.042723448163331804,0.5117647058823529
inflammatory_vs_hyperplastic,Inflammatory vs hyperplastic,LowObj_MeanCircularity,LowObj_MeanAspectRatio,-0.5764705882352941,0.01941514038653161,0.5764705882352941
inflammatory_vs_hyperplastic,Inflammatory vs hyperplastic,LowObj_MeanCircularity,LowObj_TotalAreaRatio_filtered,-0.45,0.08029573654339643,0.45
inflammatory_vs_hyperplastic,Inflammatory vs hyperplastic,LowObj_MeanSolidity,LowObj_MeanEccentricity,-0.6558823529411765,0.005800736962231499,0.6558823529411765
inflammatory_vs_hyperplastic,Inflammatory vs hyperplastic,LowObj_MeanSolidity,LowObj_MeanAspectRatio,-0.6352941176470589,0.008182064616334002,0.6352941176470589
inflammatory_vs_hyperplastic,Inflammatory vs hyperplastic,LowObj_MeanSolidity,LowObj_TotalAreaRatio_filtered,-0.37058823529411766,0.15765046473782077,0.37058823529411766
inflammatory_vs_hyperplastic,Inflammatory vs hyperplastic,LowObj_MeanEccentricity,LowObj_MeanAspectRatio,0.9529411764705882,1.2096579348828995e-08,0.9529411764705882
inflammatory_vs_hyperplastic,Inflammatory vs hyperplastic,LowObj_MeanEccentricity,LowObj_TotalAreaRatio_filtered,-0.044117647058823525,0.8711220048065985,0.044117647058823525
inflammatory_vs_hyperplastic,Inflammatory vs hyperplastic,LowObj_MeanAspectRatio,LowObj_TotalAreaRatio_filtered,0.1647058823529412,0.542148135201078,0.1647058823529412
adenoma_vs_non_neoplastic,Tubular adenoma vs non-neoplastic,Mean,StdDev,0.06719367588932806,0.7663862209866541,0.06719367588932806
adenoma_vs_non_neoplastic,Tubular adenoma vs non-neoplastic,Mean,Median,0.91694929888432,1.993079775227799e-09,0.91694929888432
adenoma_vs_non_neoplastic,Tubular adenoma vs non-neoplastic,Mean,Min,0.4455516500264922,0.03769749926909928,0.4455516500264922
adenoma_vs_non_neoplastic,Tubular adenoma vs non-neoplastic,Mean,Max,0.3825940905583308,0.07885894743910517,0.3825940905583308
adenoma_vs_non_neoplastic,Tubular adenoma vs non-neoplastic,Mean,P10,0.6950875211744778,0.00032995827847986876,0.6950875211744778
adenoma_vs_non_neoplastic,Tubular adenoma vs non-neoplastic,Mean,P25,0.8147939017504237,3.892751558945809e-06,0.8147939017504237
adenoma_vs_non_neoplastic,Tubular adenoma vs non-neoplastic,Mean,P75,0.870940447043053,1.3440664570793802e-07,0.870940447043053
adenoma_vs_non_neoplastic,Tubular adenoma vs non-neoplastic,Mean,P90,0.8633540372670809,2.3025547385902737e-07,0.8633540372670809
adenoma_vs_non_neoplastic,Tubular adenoma vs non-neoplastic,Mean,IQR,-0.17899491812535295,0.4254382439036578,0.17899491812535295
adenoma_vs_non_neoplastic,Tubular adenoma vs non-neoplastic,Mean,Skewness,-0.6566911349520046,0.0009009976597537534,0.6566911349520046
adenoma_vs_non_neoplastic,Tubular adenoma vs non-neoplastic,Mean,Kurtosis,0.3980801806888764,0.06652699004176232,0.3980801806888764
adenoma_vs_non_neoplastic,Tubular adenoma vs non-neoplastic,Mean,GrayEntropy,0.25127046866177305,0.25932693147246744,0.25127046866177305
adenoma_vs_non_neoplastic,Tubular adenoma vs non-neoplastic,Mean,GLCM_contrast,-0.050254093732354614,0.8242411656048835,0.050254093732354614
adenoma_vs_non_neoplastic,Tubular adenoma vs non-neoplastic,Mean,GLCM_dissimilarity,-0.02766798418972332,0.9027231587747131,0.02766798418972332
adenoma_vs_non_neoplastic,Tubular adenoma vs non-neoplastic,Mean,GLCM_homogeneity,-0.06267645398080182,0.7817104249303759,0.06267645398080182
adenoma_vs_non_neoplastic,Tubular adenoma vs non-neoplastic,Mean,GLCM_ASM,-0.2907961603613778,0.18920778524573764,0.2907961603613778
adenoma_vs_non_neoplastic,Tubular adenoma vs non-neoplastic,Mean,GLCM_energy,-0.28176171654432525,0.20395518659238385,0.28176171654432525
adenoma_vs_non_neoplastic,Tubular adenoma vs non-neoplastic,Mean,GLCM_correlation,0.17447769621682668,0.4374017860525457,0.17447769621682668
adenoma_vs_non_neoplastic,Tubular adenoma vs non-neoplastic,Mean,GLCM_entropy,0.16996047430830044,0.44954166436454235,0.16996047430830044
adenoma_vs_non_neoplastic,Tubular adenoma vs non-neoplastic,Mean,LowSignalRatio,-0.7097684923771881,0.0002157367668533585,0.7097684923771881
adenoma_vs_non_neoplastic,Tubular adenoma vs non-neoplastic,Mean,HighSignalRatio,0.7718802936194241,2.5814076842913475e-05,0.7718802936194241
adenoma_vs_non_neoplastic,Tubular adenoma vs non-neoplastic,Mean,LowObj_Count,-0.7278373800112932,0.00012334699081254796,0.7278373800112932
adenoma_vs_non_neoplastic,Tubular adenoma vs non-neoplastic,Mean,LowObj_Density_per_10kpx,-0.6341050254093734,0.0015289666300204625,0.6341050254093734
adenoma_vs_non_neoplastic,Tubular adenoma vs non-neoplastic,Mean,LowObj_MeanArea_px,-0.347261434217956,0.11331636602987334,0.347261434217956
adenoma_vs_non_neoplastic,Tubular adenoma vs non-neoplastic,Mean,LowObj_MedianArea_px,-0.43986448334274425,0.04051143090805122,0.43986448334274425
adenoma_vs_non_neoplastic,Tubular adenoma vs non-neoplastic,Mean,LowObj_MeanCircularity,0.2862789384528515,0.19648801204618047,0.2862789384528515
adenoma_vs_non_neoplastic,Tubular adenoma vs non-neoplastic,Mean,LowObj_MeanSolidity,0.3529079616036138,0.10718178816694096,0.3529079616036138
adenoma_vs_non_neoplastic,Tubular adenoma vs non-neoplastic,Mean,LowObj_MeanEccentricity,0.051383399209486175,0.8203531110821479,0.051383399209486175
adenoma_vs_non_neoplastic,Tubular adenoma vs non-neoplastic,Mean,LowObj_MeanAspectRatio,-0.05702992659514399,0.8009755903446721,0.05702992659514399
adenoma_vs_non_neoplastic,Tubular adenoma vs non-neoplastic,Mean,LowObj_TotalAreaRatio_filtered,-0.6837944664031621,0.00045015479587409636,0.6837944664031621
adenoma_vs_non_neoplastic,Tubular adenoma vs non-neoplastic,StdDev,Median,0.22824862399831503,0.3069437338062759,0.22824862399831503
adenoma_vs_non_neoplastic,Tubular adenoma vs non-neoplastic,StdDev,Min,-0.11327584322707429,0.6157254082409812,0.11327584322707429
adenoma_vs_non_neoplastic,Tubular adenoma vs non-neoplastic,StdDev,Max,0.5459171218306464,0.00858252984613763,0.5459171218306464
adenoma_vs_non_neoplastic,Tubular adenoma vs non-neoplastic,StdDev,P10,-0.6171654432523999,0.002214800218193569,0.6171654432523999
adenoma_vs_non_neoplastic,Tubular adenoma vs non-neoplastic,StdDev,P25,-0.40033879164313946,0.0648584895029248,0.40033879164313946
adenoma_vs_non_neoplastic,Tubular adenoma vs non-neoplastic,StdDev,P75,0.4230443546272676,0.04980204139019352,0.4230443546272676
adenoma_vs_non_neoplastic,Tubular adenoma vs non-neoplastic,StdDev,P90,0.4985883681535856,0.018183244400840168,0.4985883681535856
adenoma_vs_non_neoplastic,Tubular adenoma vs non-neoplastic,StdDev,IQR,0.9322416713721063,2.7783188117557483e-10,0.9322416713721063
adenoma_vs_non_neoplastic,Tubular adenoma vs non-neoplastic,StdDev,Skewness,0.3935629587803502,0.06996155472662648,0.3935629587803502
adenoma_vs_non_neoplastic,Tubular adenoma vs non-neoplastic,StdDev,Kurtosis,-0.8385093167701864,1.0980501125509354e-06,0.8385093167701864
adenoma_vs_non_neoplastic,Tubular adenoma vs non-neoplastic,StdDev,GrayEntropy,0.785431959345003,1.4873560862719923e-05,0.785431959345003
adenoma_vs_non_neoplastic,Tubular adenoma vs non-neoplastic,StdDev,GLCM_contrast,0.6871823828345569,0.0004106803574022339,0.6871823828345569
adenoma_vs_non_neoplastic,Tubular adenoma vs non-neoplastic,StdDev,GLCM_dissimilarity,0.6465273856578204,0.001149013441972612,0.6465273856578204
adenoma_vs_non_neoplastic,Tubular adenoma vs non-neoplastic,StdDev,GLCM_homogeneity,-0.5189158667419538,0.013339157176970104,0.5189158667419538
adenoma_vs_non_neoplastic,Tubular adenoma vs non-neoplastic,StdDev,GLCM_ASM,-0.4217955957086392,0.05055239993921572,0.4217955957086392
adenoma_vs_non_neoplastic,Tubular adenoma vs non-neoplastic,StdDev,GLCM_energy,-0.4443817052512706,0.03826346174887373,0.4443817052512706
adenoma_vs_non_neoplastic,Tubular adenoma vs non-neoplastic,StdDev,GLCM_correlation,0.5957086391869001,0.003440717848619222,0.5957086391869001
adenoma_vs_non_neoplastic,Tubular adenoma vs non-neoplastic,StdDev,GLCM_entropy,0.7662337662337665,3.2132262513138075e-05,0.7662337662337665
adenoma_vs_non_neoplastic,Tubular adenoma vs non-neoplastic,StdDev,LowSignalRatio,0.5798983625070583,0.004670995181901245,0.5798983625070583
adenoma_vs_non_neoplastic,Tubular adenoma vs non-neoplastic,StdDev,HighSignalRatio,0.5539243365330322,0.007478262413787734,0.5539243365330322
adenoma_vs_non_neoplastic,Tubular adenoma vs non-neoplastic,StdDev,LowObj_Count,0.28514963297572,0.19833723026139677,0.28514963297572
adenoma_vs_non_neoplastic,Tubular adenoma vs non-neoplastic,StdDev,LowObj_Density_per_10kpx,0.3382269904009035,0.12365619745899689,0.3382269904009035
adenoma_vs_non_neoplastic,Tubular adenoma vs non-neoplastic,StdDev,LowObj_MeanArea_px,0.5482778091473745,0.00824385413837577,0.5482778091473745
adenoma_vs_non_neoplastic,Tubular adenoma vs non-neoplastic,StdDev,LowObj_MedianArea_px,0.5866741953698477,0.004105106680637815,0.5866741953698477
adenoma_vs_non_neoplastic,Tubular adenoma vs non-neoplastic,StdDev,LowObj_MeanCircularity,-0.4376058723884812,0.04167345203725814,0.4376058723884812
adenoma_vs_non_neoplastic,Tubular adenoma vs non-neoplastic,StdDev,LowObj_MeanSolidity,0.04121964991530209,0.8554817672242458,0.04121964991530209
adenoma_vs_non_neoplastic,Tubular adenoma vs non-neoplastic,StdDev,LowObj_MeanEccentricity,-0.27724449463579903,0.21161051352664337,0.27724449463579903
adenoma_vs_non_neoplastic,Tubular adenoma vs non-neoplastic,StdDev,LowObj_MeanAspectRatio,-0.1518915866741954,0.4998153235435795,0.1518915866741954
adenoma_vs_non_neoplastic,Tubular adenoma vs non-neoplastic,StdDev,LowObj_TotalAreaRatio_filtered,0.6228119706380577,0.0019620228890629182,0.6228119706380577
adenoma_vs_non_neoplastic,Tubular adenoma vs non-neoplastic,Median,Min,0.41390037385823725,0.055500589150556584,0.41390037385823725
adenoma_vs_non_neoplastic,Tubular adenoma vs non-neoplastic,Median,Max,0.32598248404913116,0.13873075262703746,0.32598248404913116
adenoma_vs_non_neoplastic,Tubular adenoma vs non-neoplastic,Median,P10,0.551977489223648,0.007735294738279254,0.551977489223648
adenoma_vs_non_neoplastic,Tubular adenoma vs non-neoplastic,Median,P25,0.7129944640739445,0.00019583763902708963,0.7129944640739445
adenoma_vs_non_neoplastic,Tubular adenoma vs non-neoplastic,Median,P75,0.9400961098670412,8.376203766666427e-11,0.9400961098670412
adenoma_vs_non_neoplastic,Tubular adenoma vs non-neoplastic,Median,P90,0.8875707631221608,3.634481357102926e-08,0.8875707631221608
adenoma_vs_non_neoplastic,Tubular adenoma vs non-neoplastic,Median,IQR,-0.024858761029519456,0.9125613520555269,0.024858761029519456
adenoma_vs_non_neoplastic,Tubular adenoma vs non-neoplastic,Median,Skewness,-0.6819210127870451,0.0004733507945381572,0.6819210127870451
adenoma_vs_non_neoplastic,Tubular adenoma vs non-neoplastic,Median,Kurtosis,0.2553672723941544,0.2513791640656836,0.2553672723941544
adenoma_vs_non_neoplastic,Tubular adenoma vs non-neoplastic,Median,GrayEntropy,0.276836202374194,0.21231175551641573,0.276836202374194
adenoma_vs_non_neoplastic,Tubular adenoma vs non-neoplastic,Median,GLCM_contrast,-0.015254239722659668,0.9462824627353641,0.015254239722659668
adenoma_vs_non_neoplastic,Tubular adenoma vs non-neoplastic,Median,GLCM_dissimilarity,-0.007909605782119827,0.9721322461460111,0.007909605782119827
adenoma_vs_non_neoplastic,Tubular adenoma vs non-neoplastic,Median,GLCM_homogeneity,-0.060451987049058686,0.7892859116093969,0.060451987049058686
adenoma_vs_non_neoplastic,Tubular adenoma vs non-neoplastic,Median,GLCM_ASM,-0.19604522902825572,0.3819068657181861,0.19604522902825572
adenoma_vs_non_neoplastic,Tubular adenoma vs non-neoplastic,Median,GLCM_energy,-0.20338986296879558,0.3639639340199922,0.20338986296879558
adenoma_vs_non_neoplastic,Tubular adenoma vs non-neoplastic,Median,GLCM_correlation,0.23615822978043488,0.29001833897703455,0.23615822978043488
adenoma_vs_non_neoplastic,Tubular adenoma vs non-neoplastic,Median,GLCM_entropy,0.19774014455299568,0.3777224435683884,0.19774014455299568
adenoma_vs_non_neoplastic,Tubular adenoma vs non-neoplastic,Median,LowSignalRatio,-0.5983051802332069,0.003267381276992297,0.5983051802332069
adenoma_vs_non_neoplastic,Tubular adenoma vs non-neoplastic,Median,HighSignalRatio,0.8604521147263212,2.8054371055035834e-07,0.8604521147263212
adenoma_vs_non_neoplastic,Tubular adenoma vs non-neoplastic,Median,LowObj_Count,-0.6248588567874663,0.001876629922845349,0.6248588567874663
adenoma_vs_non_neoplastic,Tubular adenoma vs non-neoplastic,Median,LowObj_Density_per_10kpx,-0.48813567112510936,0.021177008906418767,0.48813567112510936
adenoma_vs_non_neoplastic,Tubular adenoma vs non-neoplastic,Median,LowObj_MeanArea_px,-0.35593226019539226,0.10399767712616116,0.35593226019539226
adenoma_vs_non_neoplastic,Tubular adenoma vs non-neoplastic,Median,LowObj_MedianArea_px,-0.40677972593759115,0.06027502265847945,0.40677972593759115
adenoma_vs_non_neoplastic,Tubular adenoma vs non-neoplastic,Median,LowObj_MeanCircularity,0.3598870630864522,0.09993918704141305,0.3598870630864522
adenoma_vs_non_neoplastic,Tubular adenoma vs non-neoplastic,Median,LowObj_MeanSolidity,0.49943510795670915,0.01795653308104077,0.49943510795670915
adenoma_vs_non_neoplastic,Tubular adenoma vs non-neoplastic,Median,LowObj_MeanEccentricity,-0.10225990332597776,0.6506681778457962,0.10225990332597776
adenoma_vs_non_neoplastic,Tubular adenoma vs non-neoplastic,Median,LowObj_MeanAspectRatio,-0.17740115825611613,0.4296389310216156,0.17740115825611613
adenoma_vs_non_neoplastic,Tubular adenoma vs non-neoplastic,Median,LowObj_TotalAreaRatio_filtered,-0.5621469823720878,0.0064691926046916105,0.5621469823720878
adenoma_vs_non_neoplastic,Tubular adenoma vs non-neoplastic,Min,Max,0.09993523703761759,0.6581366711218997,0.09993523703761759
adenoma_vs_non_neoplastic,Tubular adenoma vs non-neoplastic,Min,P10,0.3952068308144592,0.06869648930788368,0.3952068308144592
adenoma_vs_non_neoplastic,Tubular adenoma vs non-neoplastic,Min,P25,0.29116087110959094,0.18862811246503478,0.29116087110959094
adenoma_vs_non_neoplastic,Tubular adenoma vs non-neoplastic,Min,P75,0.45658861939833295,0.03267546611825932,0.45658861939833295
adenoma_vs_non_neoplastic,Tubular adenoma vs non-neoplastic,Min,P90,0.4035976340164647,0.06250743604734403,0.4035976340164647
adenoma_vs_non_neoplastic,Tubular adenoma vs non-neoplastic,Min,IQR,-0.13257469059168694,0.5564391339416491,0.13257469059168694
adenoma_vs_non_neoplastic,Tubular adenoma vs non-neoplastic,Min,Skewness,-0.3247240839176129,0.14035077319044698,0.3247240839176129
adenoma_vs_non_neoplastic,Tubular adenoma vs non-neoplastic,Min,Kurtosis,0.3071033971934014,0.1644599822129533,0.3071033971934014
adenoma_vs_non_neoplastic,Tubular adenoma vs non-neoplastic,Min,GrayEntropy,-0.09062067458165943,0.6883725382076858,0.09062067458165943
adenoma_vs_non_neoplastic,Tubular adenoma vs non-neoplastic,Min,GLCM_contrast,-0.050344819212033015,0.823928661051515,0.050344819212033015
adenoma_vs_non_neoplastic,Tubular adenoma vs non-neoplastic,Min,GLCM_dissimilarity,-0.08726435330085723,0.6993840144341485,0.08726435330085723
adenoma_vs_non_neoplastic,Tubular adenoma vs non-neoplastic,Min,GLCM_homogeneity,0.06964366657664568,0.7581096308027848,0.06964366657664568
adenoma_vs_non_neoplastic,Tubular adenoma vs non-neoplastic,Min,GLCM_ASM,0.09901147778366493,0.6611132588364803,0.09901147778366493
adenoma_vs_non_neoplastic,Tubular adenoma vs non-neoplastic,Min,GLCM_energy,0.09901147778366493,0.6611132588364803,0.09901147778366493
adenoma_vs_non_neoplastic,Tubular adenoma vs non-neoplastic,Min,GLCM_correlation,-0.15271261827650015,0.4974729534702921,0.15271261827650015
adenoma_vs_non_neoplastic,Tubular adenoma vs non-neoplastic,Min,GLCM_entropy,-0.08726435330085723,0.6993840144341485,0.08726435330085723
adenoma_vs_non_neoplastic,Tubular adenoma vs non-neoplastic,Min,LowSignalRatio,-0.3616436180064372,0.09817443392038938,0.3616436180064372
adenoma_vs_non_neoplastic,Tubular adenoma vs non-neoplastic,Min,HighSignalRatio,0.4052757946568658,0.061322389740336346,0.4052757946568658
adenoma_vs_non_neoplastic,Tubular adenoma vs non-neoplastic,Min,LowObj_Count,-0.6150458747070033,0.0023165257527368614,0.6150458747070033
adenoma_vs_non_neoplastic,Tubular adenoma vs non-neoplastic,Min,LowObj_Density_per_10kpx,-0.27941374662678325,0.20791073284383116,0.27941374662678325
adenoma_vs_non_neoplastic,Tubular adenoma vs non-neoplastic,Min,LowObj_MeanArea_px,-0.3440229312822256,0.11694782767465506,0.3440229312822256
adenoma_vs_non_neoplastic,Tubular adenoma vs non-neoplastic,Min,LowObj_MedianArea_px,-0.32136776263681077,0.14473711875191017,0.32136776263681077
adenoma_vs_non_neoplastic,Tubular adenoma vs non-neoplastic,Min,LowObj_MeanCircularity,0.2609539795823711,0.24079638263796863,0.2609539795823711
adenoma_vs_non_neoplastic,Tubular adenoma vs non-neoplastic,Min,LowObj_MeanSolidity,0.21228732101073924,0.34289268190235067,0.21228732101073924
adenoma_vs_non_neoplastic,Tubular adenoma vs non-neoplastic,Min,LowObj_MeanEccentricity,0.042793096330228056,0.8500244806290688,0.042793096330228056
adenoma_vs_non_neoplastic,Tubular adenoma vs non-neoplastic,Min,LowObj_MeanAspectRatio,-0.05370114049283521,0.8123862651512617,0.05370114049283521
adenoma_vs_non_neoplastic,Tubular adenoma vs non-neoplastic,Min,LowObj_TotalAreaRatio_filtered,-0.3582872967256349,0.10156661950687937,0.3582872967256349
adenoma_vs_non_neoplastic,Tubular adenoma vs non-neoplastic,Max,P10,-0.10624474006641982,0.6379413266332707,0.10624474006641982
adenoma_vs_non_neoplastic,Tubular adenoma vs non-neoplastic,Max,P25,0.015258553094645397,0.9462672944785613,0.015258553094645397
adenoma_vs_non_neoplastic,Tubular adenoma vs non-neoplastic,Max,P75,0.43414365331192023,0.043505029411540705,0.43414365331192023
adenoma_vs_non_neoplastic,Tubular adenoma vs non-neoplastic,Max,P90,0.5267026475633152,0.011788339963699865,0.5267026475633152
adenoma_vs_non_neoplastic,Tubular adenoma vs non-neoplastic,Max,IQR,0.5091835680842779,0.015507015100357926,0.5091835680842779
adenoma_vs_non_neoplastic,Tubular adenoma vs non-neoplastic,Max,Skewness,0.18197237394354882,0.41765015360617946,0.18197237394354882
adenoma_vs_non_neoplastic,Tubular adenoma vs non-neoplastic,Max,Kurtosis,-0.31647369381486745,0.1513054185149369,0.31647369381486745
adenoma_vs_non_neoplastic,Tubular adenoma vs non-neoplastic,Max,GrayEntropy,0.7877934449605809,1.3457363704373307e-05,0.7877934449605809
adenoma_vs_non_neoplastic,Tubular adenoma vs non-neoplastic,Max,GLCM_contrast,0.7369316013117629,9.156282258841613e-05,0.7369316013117629
adenoma_vs_non_neoplastic,Tubular adenoma vs non-neoplastic,Max,GLCM_dissimilarity,0.7516250228103103,5.5123614565874835e-05,0.7516250228103103
adenoma_vs_non_neoplastic,Tubular adenoma vs non-neoplastic,Max,GLCM_homogeneity,-0.735801338119567,9.507845015347474e-05,0.735801338119567
adenoma_vs_non_neoplastic,Tubular adenoma vs non-neoplastic,Max,GLCM_ASM,-0.782142128999601,1.706358234327968e-05,0.782142128999601
adenoma_vs_non_neoplastic,Tubular adenoma vs non-neoplastic,Max,GLCM_energy,-0.7781862078269153,2.0066988762243428e-05,0.7781862078269153
adenoma_vs_non_neoplastic,Tubular adenoma vs non-neoplastic,Max,GLCM_correlation,0.202317111403076,0.3665538495967072,0.202317111403076
adenoma_vs_non_neoplastic,Tubular adenoma vs non-neoplastic,Max,GLCM_entropy,0.8262223934952434,2.165716334235684e-06,0.8262223934952434
adenoma_vs_non_neoplastic,Tubular adenoma vs non-neoplastic,Max,LowSignalRatio,0.11980789837277125,0.5953729741053174,0.11980789837277125
adenoma_vs_non_neoplastic,Tubular adenoma vs non-neoplastic,Max,HighSignalRatio,0.47188488274181134,0.026605284406100885,0.47188488274181134
adenoma_vs_non_neoplastic,Tubular adenoma vs non-neoplastic,Max,LowObj_Count,-0.17801645277086298,0.428014565836773,0.17801645277086298
adenoma_vs_non_neoplastic,Tubular adenoma vs non-neoplastic,Max,LowObj_Density_per_10kpx,-0.032212500977584727,0.8868375320700529,0.032212500977584727
adenoma_vs_non_neoplastic,Tubular adenoma vs non-neoplastic,Max,LowObj_MeanArea_px,0.22379211205479918,0.3167401610587169,0.22379211205479918
adenoma_vs_non_neoplastic,Tubular adenoma vs non-neoplastic,Max,LowObj_MedianArea_px,0.252613823455796,0.256703350702042,0.252613823455796
adenoma_vs_non_neoplastic,Tubular adenoma vs non-neoplastic,Max,LowObj_MeanCircularity,-0.3464256684080603,0.11424559528403339,0.3464256684080603
adenoma_vs_non_neoplastic,Tubular adenoma vs non-neoplastic,Max,LowObj_MeanSolidity,-0.13337105667912272,0.5540490617678622,0.13337105667912272
adenoma_vs_non_neoplastic,Tubular adenoma vs non-neoplastic,Max,LowObj_MeanEccentricity,-0.13563158306351464,0.5472901036230127,0.13563158306351464
adenoma_vs_non_neoplastic,Tubular adenoma vs non-neoplastic,Max,LowObj_MeanAspectRatio,-0.13563158306351464,0.5472901036230127,0.13563158306351464
adenoma_vs_non_neoplastic,Tubular adenoma vs non-neoplastic,Max,LowObj_TotalAreaRatio_filtered,0.13958750423620048,0.5355533716112828,0.13958750423620048
adenoma_vs_non_neoplastic,Tubular adenoma vs non-neoplastic,P10,P25,0.9446640316205535,3.8626956180876335e-11,0.9446640316205535
adenoma_vs_non_neoplastic,Tubular adenoma vs non-neoplastic,P10,P75,0.3829426868321595,0.07856373824404751,0.3829426868321595
adenoma_vs_non_neoplastic,Tubular adenoma vs non-neoplastic,P10,P90,0.32241671372106157,0.14335598060289903,0.32241671372106157
adenoma_vs_non_neoplastic,Tubular adenoma vs non-neoplastic,P10,IQR,-0.7707509881422926,2.6982647336559973e-05,0.7707509881422926
adenoma_vs_non_neoplastic,Tubular adenoma vs non-neoplastic,P10,Skewness,-0.8294748729531339,1.8187638095690346e-06,0.8294748729531339
adenoma_vs_non_neoplastic,Tubular adenoma vs non-neoplastic,P10,Kurtosis,0.9130434782608697,3.103955933235042e-09,0.9130434782608697
adenoma_vs_non_neoplastic,Tubular adenoma vs non-neoplastic,P10,GrayEntropy,-0.34387351778656133,0.11711738023292767,0.34387351778656133
adenoma_vs_non_neoplastic,Tubular adenoma vs non-neoplastic,P10,GLCM_contrast,-0.5403726708074535,0.009423217667216459,0.5403726708074535
adenoma_vs_non_neoplastic,Tubular adenoma vs non-neoplastic,P10,GLCM_dissimilarity,-0.5098814229249012,0.015342627496744836,0.5098814229249012
adenoma_vs_non_neoplastic,Tubular adenoma vs non-neoplastic,P10,GLCM_homogeneity,0.3529079616036138,0.10718178816694096,0.3529079616036138
adenoma_vs_non_neoplastic,Tubular adenoma vs non-neoplastic,P10,GLCM_ASM,0.019762845849802372,0.9304384215377666,0.019762845849802372
adenoma_vs_non_neoplastic,Tubular adenoma vs non-neoplastic,P10,GLCM_energy,0.03896103896103897,0.8633265562067404,0.03896103896103897
adenoma_vs_non_neoplastic,Tubular adenoma vs non-neoplastic,P10,GLCM_correlation,-0.2049689440993789,0.3601708702376962,0.2049689440993789
adenoma_vs_non_neoplastic,Tubular adenoma vs non-neoplastic,P10,GLCM_entropy,-0.3935629587803502,0.06996155472662648,0.3935629587803502
adenoma_vs_non_neoplastic,Tubular adenoma vs non-neoplastic,P10,LowSignalRatio,-0.9887069452286844,5.81166845241351e-18,0.9887069452286844
adenoma_vs_non_neoplastic,Tubular adenoma vs non-neoplastic,P10,HighSignalRatio,0.22190852625635235,0.3209369353188612,0.22190852625635235
adenoma_vs_non_neoplastic,Tubular adenoma vs non-neoplastic,P10,LowObj_Count,-0.7018633540372672,0.0002720361212064093,0.7018633540372672
adenoma_vs_non_neoplastic,Tubular adenoma vs non-neoplastic,P10,LowObj_Density_per_10kpx,-0.743647656691135,7.291027594501717e-05,0.743647656691135
adenoma_vs_non_neoplastic,Tubular adenoma vs non-neoplastic,P10,LowObj_MeanArea_px,-0.6510446075663467,0.001032427260569412,0.6510446075663467
adenoma_vs_non_neoplastic,Tubular adenoma vs non-neoplastic,P10,LowObj_MedianArea_px,-0.7300959909655563,0.00011467308780707241,0.7300959909655563
adenoma_vs_non_neoplastic,Tubular adenoma vs non-neoplastic,P10,LowObj_MeanCircularity,0.5765104460756635,0.0049774655284407525,0.5765104460756635
adenoma_vs_non_neoplastic,Tubular adenoma vs non-neoplastic,P10,LowObj_MeanSolidity,0.2896668548842462,0.1910103858792643,0.2896668548842462
adenoma_vs_non_neoplastic,Tubular adenoma vs non-neoplastic,P10,LowObj_MeanEccentricity,0.15979672501411638,0.4774887142899462,0.15979672501411638
adenoma_vs_non_neoplastic,Tubular adenoma vs non-neoplastic,P10,LowObj_MeanAspectRatio,0.003952569169960475,0.986072032076201,0.003952569169960475
adenoma_vs_non_neoplastic,Tubular adenoma vs non-neoplastic,P10,LowObj_TotalAreaRatio_filtered,-0.9932241671372107,3.5798906826818276e-20,0.9932241671372107
adenoma_vs_non_neoplastic,Tubular adenoma vs non-neoplastic,P25,P75,0.5535159780169856,0.007531582564657088,0.5535159780169856
adenoma_vs_non_neoplastic,Tubular adenoma vs non-neoplastic,P25,P90,0.52343308865048,0.012420502546177659,0.52343308865048
adenoma_vs_non_neoplastic,Tubular adenoma vs non-neoplastic,P25,IQR,-0.6160361377752683,0.002268519719823253,0.6160361377752683
adenoma_vs_non_neoplastic,Tubular adenoma vs non-neoplastic,P25,Skewness,-0.8599661208356861,2.8985560719581313e-07,0.8599661208356861
adenoma_vs_non_neoplastic,Tubular adenoma vs non-neoplastic,P25,Kurtosis,0.7933370976849238,1.0587514645181687e-05,0.7933370976849238
adenoma_vs_non_neoplastic,Tubular adenoma vs non-neoplastic,P25,GrayEntropy,-0.17334839073969513,0.4404203132347078,0.17334839073969513
adenoma_vs_non_neoplastic,Tubular adenoma vs non-neoplastic,P25,GLCM_contrast,-0.4387351778656127,0.04108923308923486,0.4387351778656127
adenoma_vs_non_neoplastic,Tubular adenoma vs non-neoplastic,P25,GLCM_dissimilarity,-0.4150197628458499,0.05477726046626941,0.4150197628458499
adenoma_vs_non_neoplastic,Tubular adenoma vs non-neoplastic,P25,GLCM_homogeneity,0.2806324110671937,0.2058513345867222,0.2806324110671937
adenoma_vs_non_neoplastic,Tubular adenoma vs non-neoplastic,P25,GLCM_ASM,-0.07622811970638058,0.7359946162262682,0.07622811970638058
adenoma_vs_non_neoplastic,Tubular adenoma vs non-neoplastic,P25,GLCM_energy,-0.06154714850367025,0.7855539651272332,0.06154714850367025
adenoma_vs_non_neoplastic,Tubular adenoma vs non-neoplastic,P25,GLCM_correlation,-0.026538678712591763,0.9066765277008432,0.026538678712591763
adenoma_vs_non_neoplastic,Tubular adenoma vs non-neoplastic,P25,GLCM_entropy,-0.24223602484472054,0.27741495432256286,0.24223602484472054
adenoma_vs_non_neoplastic,Tubular adenoma vs non-neoplastic,P25,LowSignalRatio,-0.9638622247317901,5.904886823891478e-13,0.9638622247317901
adenoma_vs_non_neoplastic,Tubular adenoma vs non-neoplastic,P25,HighSignalRatio,0.43083003952569177,0.04531612548785277,0.43083003952569177
adenoma_vs_non_neoplastic,Tubular adenoma vs non-neoplastic,P25,LowObj_Count,-0.6521739130434784,0.0010049095006007707,0.6521739130434784
adenoma_vs_non_neoplastic,Tubular adenoma vs non-neoplastic,P25,LowObj_Density_per_10kpx,-0.7831733483907399,1.6348574549611894e-05,0.7831733483907399
adenoma_vs_non_neoplastic,Tubular adenoma vs non-neoplastic,P25,LowObj_MeanArea_px,-0.5742518351214004,0.005190942750154625,0.5742518351214004
adenoma_vs_non_neoplastic,Tubular adenoma vs non-neoplastic,P25,LowObj_MedianArea_px,-0.6736307171089779,0.0005887354485823171,0.6736307171089779
adenoma_vs_non_neoplastic,Tubular adenoma vs non-neoplastic,P25,LowObj_MeanCircularity,0.5256916996047432,0.011980930269026196,0.5256916996047432
adenoma_vs_non_neoplastic,Tubular adenoma vs non-neoplastic,P25,LowObj_MeanSolidity,0.3608130999435348,0.09900594418562246,0.3608130999435348
adenoma_vs_non_neoplastic,Tubular adenoma vs non-neoplastic,P25,LowObj_MeanEccentricity,0.11462450592885377,0.6115002138101083,0.11462450592885377
adenoma_vs_non_neoplastic,Tubular adenoma vs non-neoplastic,P25,LowObj_MeanAspectRatio,-0.031055900621118016,0.8908767575077247,0.031055900621118016
adenoma_vs_non_neoplastic,Tubular adenoma vs non-neoplastic,P25,LowObj_TotalAreaRatio_filtered,-0.9491812535290796,1.6798277318811163e-11,0.9491812535290796
adenoma_vs_non_neoplastic,Tubular adenoma vs non-neoplastic,P75,P90,0.9624400270825954,8.635417585787893e-13,0.9624400270825954
adenoma_vs_non_neoplastic,Tubular adenoma vs non-neoplastic,P75,IQR,0.18525840896895027,0.409145670470525,0.18525840896895027
adenoma_vs_non_neoplastic,Tubular adenoma vs non-neoplastic,P75,Skewness,-0.5303586768958669,0.0111128510777919,0.5303586768958669
adenoma_vs_non_neoplastic,Tubular adenoma vs non-neoplastic,P75,Kurtosis,0.04236091668497339,0.8515227877573717,0.04236091668497339
adenoma_vs_non_neoplastic,Tubular adenoma vs non-neoplastic,P75,GrayEntropy,0.43885909685632435,0.04102551811628894,0.43885909685632435
adenoma_vs_non_neoplastic,Tubular adenoma vs non-neoplastic,P75,GLCM_contrast,0.18073991118921978,0.4208644421880454,0.18073991118921978
adenoma_vs_non_neoplastic,Tubular adenoma vs non-neoplastic,P75,GLCM_dissimilarity,0.1671844178500283,0.4570886938700765,0.1671844178500283
adenoma_vs_non_neoplastic,Tubular adenoma vs non-neoplastic,P75,GLCM_homogeneity,-0.20389721231033858,0.3627427410887331,0.20389721231033858
adenoma_vs_non_neoplastic,Tubular adenoma vs non-neoplastic,P75,GLCM_ASM,-0.31742446902606725,0.15001329118599943,0.31742446902606725
adenoma_vs_non_neoplastic,Tubular adenoma vs non-neoplastic,P75,GLCM_energy,-0.3264614645855282,0.13811763452650216,0.3264614645855282
adenoma_vs_non_neoplastic,Tubular adenoma vs non-neoplastic,P75,GLCM_correlation,0.3343688357000566,0.1282725845566932,0.3343688357000566
adenoma_vs_non_neoplastic,Tubular adenoma vs non-neoplastic,P75,GLCM_entropy,0.3756001279400974,0.08495923161298251,0.3756001279400974
adenoma_vs_non_neoplastic,Tubular adenoma vs non-neoplastic,P75,LowSignalRatio,-0.41852585684753707,0.052558525506535975,0.41852585684753707
adenoma_vs_non_neoplastic,Tubular adenoma vs non-neoplastic,P75,HighSignalRatio,0.9387179137390103,1.0454888643687953e-10,0.9387179137390103
adenoma_vs_non_neoplastic,Tubular adenoma vs non-neoplastic,P75,LowObj_Count,-0.5563400391293172,0.007169180506365036,0.5563400391293172
adenoma_vs_non_neoplastic,Tubular adenoma vs non-neoplastic,P75,LowObj_Density_per_10kpx,-0.37955381349736156,0.08146899909513428,0.37955381349736156
adenoma_vs_non_neoplastic,Tubular adenoma vs non-neoplastic,P75,LowObj_MeanArea_px,-0.1942954045284113,0.3862542376921301,0.1942954045284113
adenoma_vs_non_neoplastic,Tubular adenoma vs non-neoplastic,P75,LowObj_MedianArea_px,-0.19655465341827652,0.3806464463461485,0.19655465341827652
adenoma_vs_non_neoplastic,Tubular adenoma vs non-neoplastic,P75,LowObj_MeanCircularity,0.1671844178500283,0.4570886938700765,0.1671844178500283
adenoma_vs_non_neoplastic,Tubular adenoma vs non-neoplastic,P75,LowObj_MeanSolidity,0.4422479701911222,0.039312789127338675,0.4422479701911222
adenoma_vs_non_neoplastic,Tubular adenoma vs non-neoplastic,P75,LowObj_MeanEccentricity,-0.10674951004613294,0.6363360928914463,0.10674951004613294
adenoma_vs_non_neoplastic,Tubular adenoma vs non-neoplastic,P75,LowObj_MeanAspectRatio,-0.15984185895796627,0.47736270597059266,0.15984185895796627
adenoma_vs_non_neoplastic,Tubular adenoma vs non-neoplastic,P75,LowObj_TotalAreaRatio_filtered,-0.3756001279400974,0.08495923161298251,0.3756001279400974
adenoma_vs_non_neoplastic,Tubular adenoma vs non-neoplastic,P90,IQR,0.259175607001694,0.2441331865660933,0.259175607001694
adenoma_vs_non_neoplastic,Tubular adenoma vs non-neoplastic,P90,Skewness,-0.4116318464144552,0.05698895503124293,0.4116318464144552
adenoma_vs_non_neoplastic,Tubular adenoma vs non-neoplastic,P90,Kurtosis,-0.018633540372670808,0.9344048422352652,0.018633540372670808
adenoma_vs_non_neoplastic,Tubular adenoma vs non-neoplastic,P90,GrayEntropy,0.5177865612648223,0.013577261476764104,0.5177865612648223
adenoma_vs_non_neoplastic,Tubular adenoma vs non-neoplastic,P90,GLCM_contrast,0.22868435911914178,0.3059959393602157,0.22868435911914178
adenoma_vs_non_neoplastic,Tubular adenoma vs non-neoplastic,P90,GLCM_dissimilarity,0.20722755505364204,0.35478551222580335,0.20722755505364204
adenoma_vs_non_neoplastic,Tubular adenoma vs non-neoplastic,P90,GLCM_homogeneity,-0.20722755505364204,0.35478551222580335,0.20722755505364204
adenoma_vs_non_neoplastic,Tubular adenoma vs non-neoplastic,P90,GLCM_ASM,-0.3822699040090345,0.07913423131078054,0.3822699040090345
adenoma_vs_non_neoplastic,Tubular adenoma vs non-neoplastic,P90,GLCM_energy,-0.3867871259175608,0.07536283227083158,0.3867871259175608
adenoma_vs_non_neoplastic,Tubular adenoma vs non-neoplastic,P90,GLCM_correlation,0.4522868435911915,0.03456587423827621,0.4522868435911915
adenoma_vs_non_neoplastic,Tubular adenoma vs non-neoplastic,P90,GLCM_entropy,0.43083003952569177,0.04531612548785277,0.43083003952569177
adenoma_vs_non_neoplastic,Tubular adenoma vs non-neoplastic,P90,LowSignalRatio,-0.3551665725578769,0.10479718977207556,0.3551665725578769
adenoma_vs_non_neoplastic,Tubular adenoma vs non-neoplastic,P90,HighSignalRatio,0.9695087521174479,1.1054140091339587e-13,0.9695087521174479
adenoma_vs_non_neoplastic,Tubular adenoma vs non-neoplastic,P90,LowObj_Count,-0.47374364765669114,0.02593344880178151,0.47374364765669114
adenoma_vs_non_neoplastic,Tubular adenoma vs non-neoplastic,P90,LowObj_Density_per_10kpx,-0.38565782044042923,0.07629273219603601,0.38565782044042923
adenoma_vs_non_neoplastic,Tubular adenoma vs non-neoplastic,P90,LowObj_MeanArea_px,-0.06041784302653869,0.7894023352862748,0.06041784302653869
adenoma_vs_non_neoplastic,Tubular adenoma vs non-neoplastic,P90,LowObj_MedianArea_px,-0.10220214568040656,0.6508533489140009,0.10220214568040656
adenoma_vs_non_neoplastic,Tubular adenoma vs non-neoplastic,P90,LowObj_MeanCircularity,0.07509881422924902,0.7397738044450592,0.07509881422924902
adenoma_vs_non_neoplastic,Tubular adenoma vs non-neoplastic,P90,LowObj_MeanSolidity,0.3901750423489555,0.07262429782338549,0.3901750423489555
adenoma_vs_non_neoplastic,Tubular adenoma vs non-neoplastic,P90,LowObj_MeanEccentricity,-0.09203839638622249,0.6837393497090004,0.09203839638622249
adenoma_vs_non_neoplastic,Tubular adenoma vs non-neoplastic,P90,LowObj_MeanAspectRatio,-0.13156408808582723,0.5594788375488213,0.13156408808582723
adenoma_vs_non_neoplastic,Tubular adenoma vs non-neoplastic,P90,LowObj_TotalAreaRatio_filtered,-0.3088650479954828,0.16192826188382298,0.3088650479954828
adenoma_vs_non_neoplastic,Tubular adenoma vs non-neoplastic,IQR,Skewness,0.5663466967814795,0.005999065345137043,0.5663466967814795
adenoma_vs_non_neoplastic,Tubular adenoma vs non-neoplastic,IQR,Kurtosis,-0.9085262563523435,5.052644901256568e-09,0.9085262563523435
adenoma_vs_non_neoplastic,Tubular adenoma vs non-neoplastic,IQR,GrayEntropy,0.7018633540372672,0.0002720361212064093,0.7018633540372672
adenoma_vs_non_neoplastic,Tubular adenoma vs non-neoplastic,IQR,GLCM_contrast,0.7221908526256353,0.00014756306307060464,0.7221908526256353
adenoma_vs_non_neoplastic,Tubular adenoma vs non-neoplastic,IQR,GLCM_dissimilarity,0.68944099378882,0.0003860500017516573,0.68944099378882
adenoma_vs_non_neoplastic,Tubular adenoma vs non-neoplastic,IQR,GLCM_homogeneity,-0.5426312817617166,0.009072936084502378,0.5426312817617166
adenoma_vs_non_neoplastic,Tubular adenoma vs non-neoplastic,IQR,GLCM_ASM,-0.3608130999435348,0.09900594418562246,0.3608130999435348
adenoma_vs_non_neoplastic,Tubular adenoma vs non-neoplastic,IQR,GLCM_energy,-0.3811405985319029,0.08009881431156599,0.3811405985319029
adenoma_vs_non_neoplastic,Tubular adenoma vs non-neoplastic,IQR,GLCM_correlation,0.47374364765669114,0.02593344880178151,0.47374364765669114
adenoma_vs_non_neoplastic,Tubular adenoma vs non-neoplastic,IQR,GLCM_entropy,0.7120271033314512,0.0002016308661158572,0.7120271033314512
adenoma_vs_non_neoplastic,Tubular adenoma vs non-neoplastic,IQR,LowSignalRatio,0.7526821005081875,5.3077425273494344e-05,0.7526821005081875
adenoma_vs_non_neoplastic,Tubular adenoma vs non-neoplastic,IQR,HighSignalRatio,0.34161490683229817,0.11970214821095865,0.34161490683229817
adenoma_vs_non_neoplastic,Tubular adenoma vs non-neoplastic,IQR,LowObj_Count,0.4285714285714286,0.04658379774023283,0.4285714285714286
adenoma_vs_non_neoplastic,Tubular adenoma vs non-neoplastic,IQR,LowObj_Density_per_10kpx,0.5324675324675326,0.010737853343430661,0.5324675324675326
adenoma_vs_non_neoplastic,Tubular adenoma vs non-neoplastic,IQR,LowObj_MeanArea_px,0.5629587803500848,0.006376012934248835,0.5629587803500848
adenoma_vs_non_neoplastic,Tubular adenoma vs non-neoplastic,IQR,LowObj_MedianArea_px,0.6612083568605309,0.0008063963798385227,0.6612083568605309
adenoma_vs_non_neoplastic,Tubular adenoma vs non-neoplastic,IQR,LowObj_MeanCircularity,-0.4669678147939018,0.028449501046477796,0.4669678147939018
adenoma_vs_non_neoplastic,Tubular adenoma vs non-neoplastic,IQR,LowObj_MeanSolidity,0.011857707509881424,0.9582317578505689,0.011857707509881424
adenoma_vs_non_neoplastic,Tubular adenoma vs non-neoplastic,IQR,LowObj_MeanEccentricity,-0.3201581027667985,0.14634150378328975,0.3201581027667985
adenoma_vs_non_neoplastic,Tubular adenoma vs non-neoplastic,IQR,LowObj_MeanAspectRatio,-0.17447769621682668,0.4374017860525457,0.17447769621682668
adenoma_vs_non_neoplastic,Tubular adenoma vs non-neoplastic,IQR,LowObj_TotalAreaRatio_filtered,0.7831733483907399,1.6348574549611894e-05,0.7831733483907399
adenoma_vs_non_neoplastic,Tubular adenoma vs non-neoplastic,Skewness,Kurtosis,-0.7447769621682666,7.012307345222712e-05,0.7447769621682666
adenoma_vs_non_neoplastic,Tubular adenoma vs non-neoplastic,Skewness,GrayEntropy,0.35177865612648224,0.10838884297068942,0.35177865612648224
adenoma_vs_non_neoplastic,Tubular adenoma vs non-neoplastic,Skewness,GLCM_contrast,0.41276115189158674,0.05624424552757312,0.41276115189158674
adenoma_vs_non_neoplastic,Tubular adenoma vs non-neoplastic,Skewness,GLCM_dissimilarity,0.3969508752117449,0.06737336646852336,0.3969508752117449
adenoma_vs_non_neoplastic,Tubular adenoma vs non-neoplastic,Skewness,GLCM_homogeneity,-0.25578769057029926,0.25057252861489687,0.25578769057029926
adenoma_vs_non_neoplastic,Tubular adenoma vs non-neoplastic,Skewness,GLCM_ASM,-0.16544325239977417,0.4618555310376701,0.16544325239977417
adenoma_vs_non_neoplastic,Tubular adenoma vs non-neoplastic,Skewness,GLCM_energy,-0.16657255787690575,0.45876088704673346,0.16657255787690575
adenoma_vs_non_neoplastic,Tubular adenoma vs non-neoplastic,Skewness,GLCM_correlation,0.16657255787690575,0.45876088704673346,0.16657255787690575
adenoma_vs_non_neoplastic,Tubular adenoma vs non-neoplastic,Skewness,GLCM_entropy,0.347261434217956,0.11331636602987334,0.347261434217956
adenoma_vs_non_neoplastic,Tubular adenoma vs non-neoplastic,Skewness,LowSignalRatio,0.8769057029926597,8.591940385505722e-08,0.8769057029926597
adenoma_vs_non_neoplastic,Tubular adenoma vs non-neoplastic,Skewness,HighSignalRatio,-0.365330321852061,0.09454533485004026,0.365330321852061
adenoma_vs_non_neoplastic,Tubular adenoma vs non-neoplastic,Skewness,LowObj_Count,0.5290796160361377,0.011345469832825004,0.5290796160361377
adenoma_vs_non_neoplastic,Tubular adenoma vs non-neoplastic,Skewness,LowObj_Density_per_10kpx,0.5290796160361377,0.011345469832825004,0.5290796160361377
adenoma_vs_non_neoplastic,Tubular adenoma vs non-neoplastic,Skewness,LowObj_MeanArea_px,0.7504234895539245,5.753256844184797e-05,0.7504234895539245
adenoma_vs_non_neoplastic,Tubular adenoma vs non-neoplastic,Skewness,LowObj_MedianArea_px,0.7018633540372672,0.0002720361212064093,0.7018633540372672
adenoma_vs_non_neoplastic,Tubular adenoma vs non-neoplastic,Skewness,LowObj_MeanCircularity,-0.7221908526256353,0.00014756306307060464,0.7221908526256353
adenoma_vs_non_neoplastic,Tubular adenoma vs non-neoplastic,Skewness,LowObj_MeanSolidity,-0.6239412761151892,0.0019145128548775224,0.6239412761151892
adenoma_vs_non_neoplastic,Tubular adenoma vs non-neoplastic,Skewness,LowObj_MeanEccentricity,0.028797289666854884,0.8987720143803856,0.028797289666854884
adenoma_vs_non_neoplastic,Tubular adenoma vs non-neoplastic,Skewness,LowObj_MeanAspectRatio,0.20271033314511577,0.3656032765874888,0.20271033314511577
adenoma_vs_non_neoplastic,Tubular adenoma vs non-neoplastic,Skewness,LowObj_TotalAreaRatio_filtered,0.8554488989271599,3.904161049138629e-07,0.8554488989271599
adenoma_vs_non_neoplastic,Tubular adenoma vs non-neoplastic,Kurtosis,GrayEntropy,-0.593450028232637,0.003597702831448959,0.593450028232637
adenoma_vs_non_neoplastic,Tubular adenoma vs non-neoplastic,Kurtosis,GLCM_contrast,-0.6566911349520046,0.0009009976597537534,0.6566911349520046
adenoma_vs_non_neoplastic,Tubular adenoma vs non-neoplastic,Kurtosis,GLCM_dissimilarity,-0.6250705815923208,0.0018679793444118062,0.6250705815923208
adenoma_vs_non_neoplastic,Tubular adenoma vs non-neoplastic,Kurtosis,GLCM_homogeneity,0.46583850931677023,0.028887065083325676,0.46583850931677023
adenoma_vs_non_neoplastic,Tubular adenoma vs non-neoplastic,Kurtosis,GLCM_ASM,0.24449463579898364,0.27282048885058074,0.24449463579898364
adenoma_vs_non_neoplastic,Tubular adenoma vs non-neoplastic,Kurtosis,GLCM_energy,0.2648221343873518,0.23364124157867938,0.2648221343873518
adenoma_vs_non_neoplastic,Tubular adenoma vs non-neoplastic,Kurtosis,GLCM_correlation,-0.37662337662337664,0.08404542340222546,0.37662337662337664
adenoma_vs_non_neoplastic,Tubular adenoma vs non-neoplastic,Kurtosis,GLCM_entropy,-0.6081309994353473,0.002676227522249013,0.6081309994353473
adenoma_vs_non_neoplastic,Tubular adenoma vs non-neoplastic,Kurtosis,LowSignalRatio,-0.9040090344438172,8.026046409607051e-09,0.9040090344438172
adenoma_vs_non_neoplastic,Tubular adenoma vs non-neoplastic,Kurtosis,HighSignalRatio,-0.09881422924901187,0.6617494869264957,0.09881422924901187
adenoma_vs_non_neoplastic,Tubular adenoma vs non-neoplastic,Kurtosis,LowObj_Count,-0.5415019762845851,0.009246713079824779,0.5415019762845851
adenoma_vs_non_neoplastic,Tubular adenoma vs non-neoplastic,Kurtosis,LowObj_Density_per_10kpx,-0.6216826651609261,0.0020105258035034196,0.6216826651609261
adenoma_vs_non_neoplastic,Tubular adenoma vs non-neoplastic,Kurtosis,LowObj_MeanArea_px,-0.691699604743083,0.00036270089311885316,0.691699604743083
adenoma_vs_non_neoplastic,Tubular adenoma vs non-neoplastic,Kurtosis,LowObj_MedianArea_px,-0.7560700169395823,4.6958481888879765e-05,0.7560700169395823
adenoma_vs_non_neoplastic,Tubular adenoma vs non-neoplastic,Kurtosis,LowObj_MeanCircularity,0.6307171089779786,0.001649400641367348,0.6307171089779786
adenoma_vs_non_neoplastic,Tubular adenoma vs non-neoplastic,Kurtosis,LowObj_MeanSolidity,0.22303783173348396,0.31841675008781406,0.22303783173348396
adenoma_vs_non_neoplastic,Tubular adenoma vs non-neoplastic,Kurtosis,LowObj_MeanEccentricity,0.17447769621682668,0.4374017860525457,0.17447769621682668
adenoma_vs_non_neoplastic,Tubular adenoma vs non-neoplastic,Kurtosis,LowObj_MeanAspectRatio,0.019762845849802372,0.9304384215377666,0.019762845849802372
adenoma_vs_non_neoplastic,Tubular adenoma vs non-neoplastic,Kurtosis,LowObj_TotalAreaRatio_filtered,-0.9186900056465275,1.6245564778111284e-09,0.9186900056465275
adenoma_vs_non_neoplastic,Tubular adenoma vs non-neoplastic,GrayEntropy,GLCM_contrast,0.6600790513833994,0.0008292123968462258,0.6600790513833994
adenoma_vs_non_neoplastic,Tubular adenoma vs non-neoplastic,GrayEntropy,GLCM_dissimilarity,0.6645962732919255,0.0007411373110910408,0.6645962732919255
adenoma_vs_non_neoplastic,Tubular adenoma vs non-neoplastic,GrayEntropy,GLCM_homogeneity,-0.6736307171089779,0.0005887354485823171,0.6736307171089779
adenoma_vs_non_neoplastic,Tubular adenoma vs non-neoplastic,GrayEntropy,GLCM_ASM,-0.8260869565217391,2.1813503909613966e-06,0.8260869565217391
adenoma_vs_non_neoplastic,Tubular adenoma vs non-neoplastic,GrayEntropy,GLCM_energy,-0.8362507058159233,1.2492075438380722e-06,0.8362507058159233
adenoma_vs_non_neoplastic,Tubular adenoma vs non-neoplastic,GrayEntropy,GLCM_correlation,0.49068322981366463,0.020413268169169385,0.49068322981366463
adenoma_vs_non_neoplastic,Tubular adenoma vs non-neoplastic,GrayEntropy,GLCM_entropy,0.9424054206662904,5.708479925878809e-11,0.9424054206662904
adenoma_vs_non_neoplastic,Tubular adenoma vs non-neoplastic,GrayEntropy,LowSignalRatio,0.347261434217956,0.11331636602987334,0.347261434217956
adenoma_vs_non_neoplastic,Tubular adenoma vs non-neoplastic,GrayEntropy,HighSignalRatio,0.497459062676454,0.018489200720397368,0.497459062676454
adenoma_vs_non_neoplastic,Tubular adenoma vs non-neoplastic,GrayEntropy,LowObj_Count,0.11801242236024848,0.6009390114559511,0.11801242236024848
adenoma_vs_non_neoplastic,Tubular adenoma vs non-neoplastic,GrayEntropy,LowObj_Density_per_10kpx,0.16770186335403728,0.45567700180801307,0.16770186335403728
adenoma_vs_non_neoplastic,Tubular adenoma vs non-neoplastic,GrayEntropy,LowObj_MeanArea_px,0.479390175042349,0.023975106739672795,0.479390175042349
adenoma_vs_non_neoplastic,Tubular adenoma vs non-neoplastic,GrayEntropy,LowObj_MedianArea_px,0.5076228119706382,0.015879841845970265,0.5076228119706382
adenoma_vs_non_neoplastic,Tubular adenoma vs non-neoplastic,GrayEntropy,LowObj_MeanCircularity,-0.5968379446640317,0.0033644050001754916,0.5968379446640317
adenoma_vs_non_neoplastic,Tubular adenoma vs non-neoplastic,GrayEntropy,LowObj_MeanSolidity,-0.25014116318464147,0.2615456789659442,0.25014116318464147
adenoma_vs_non_neoplastic,Tubular adenoma vs non-neoplastic,GrayEntropy,LowObj_MeanEccentricity,-0.04121964991530209,0.8554817672242458,0.04121964991530209
adenoma_vs_non_neoplastic,Tubular adenoma vs non-neoplastic,GrayEntropy,LowObj_MeanAspectRatio,0.047995482778091486,0.8320291403130908,0.047995482778091486
adenoma_vs_non_neoplastic,Tubular adenoma vs non-neoplastic,GrayEntropy,LowObj_TotalAreaRatio_filtered,0.3800112930547713,0.0810721804109625,0.3800112930547713
adenoma_vs_non_neoplastic,Tubular adenoma vs non-neoplastic,GLCM_contrast,GLCM_dissimilarity,0.9887069452286844,5.81166845241351e-18,0.9887069452286844
adenoma_vs_non_neoplastic,Tubular adenoma vs non-neoplastic,GLCM_contrast,GLCM_homogeneity,-0.9198193111236591,1.4192881591071285e-09,0.9198193111236591
adenoma_vs_non_neoplastic,Tubular adenoma vs non-neoplastic,GLCM_contrast,GLCM_ASM,-0.5765104460756635,0.0049774655284407525,0.5765104460756635
adenoma_vs_non_neoplastic,Tubular adenoma vs non-neoplastic,GLCM_contrast,GLCM_energy,-0.5900621118012424,0.0038444041264623385,0.5900621118012424
adenoma_vs_non_neoplastic,Tubular adenoma vs non-neoplastic,GLCM_contrast,GLCM_correlation,-0.03557312252964427,0.875116871458223,0.03557312252964427
adenoma_vs_non_neoplastic,Tubular adenoma vs non-neoplastic,GLCM_contrast,GLCM_entropy,0.837380011293055,1.1714766724442694e-06,0.837380011293055
adenoma_vs_non_neoplastic,Tubular adenoma vs non-neoplastic,GLCM_contrast,LowSignalRatio,0.5223037831733485,0.012645173917013017,0.5223037831733485
adenoma_vs_non_neoplastic,Tubular adenoma vs non-neoplastic,GLCM_contrast,HighSignalRatio,0.24449463579898364,0.27282048885058074,0.24449463579898364
adenoma_vs_non_neoplastic,Tubular adenoma vs non-neoplastic,GLCM_contrast,LowObj_Count,0.145115753811406,0.5193505321771542,0.145115753811406
adenoma_vs_non_neoplastic,Tubular adenoma vs non-neoplastic,GLCM_contrast,LowObj_Density_per_10kpx,0.4195369847543761,0.051931713056619346,0.4195369847543761
adenoma_vs_non_neoplastic,Tubular adenoma vs non-neoplastic,GLCM_contrast,LowObj_MeanArea_px,0.2614342179559571,0.23990040725366876,0.2614342179559571
adenoma_vs_non_neoplastic,Tubular adenoma vs non-neoplastic,GLCM_contrast,LowObj_MedianArea_px,0.4285714285714286,0.04658379774023283,0.4285714285714286
adenoma_vs_non_neoplastic,Tubular adenoma vs non-neoplastic,GLCM_contrast,LowObj_MeanCircularity,-0.40824392998306047,0.05926851355254248,0.40824392998306047
adenoma_vs_non_neoplastic,Tubular adenoma vs non-neoplastic,GLCM_contrast,LowObj_MeanSolidity,-0.17673630717108982,0.43139783214875366,0.17673630717108982
adenoma_vs_non_neoplastic,Tubular adenoma vs non-neoplastic,GLCM_contrast,LowObj_MeanEccentricity,-0.21174477696216829,0.34415653121964956,0.21174477696216829
adenoma_vs_non_neoplastic,Tubular adenoma vs non-neoplastic,GLCM_contrast,LowObj_MeanAspectRatio,-0.17786561264822137,0.42841247523808007,0.17786561264822137
adenoma_vs_non_neoplastic,Tubular adenoma vs non-neoplastic,GLCM_contrast,LowObj_TotalAreaRatio_filtered,0.5527950310559007,0.007626484615782747,0.5527950310559007
adenoma_vs_non_neoplastic,Tubular adenoma vs non-neoplastic,GLCM_dissimilarity,GLCM_homogeneity,-0.953698475437606,6.7479541241535245e-12,0.953698475437606
adenoma_vs_non_neoplastic,Tubular adenoma vs non-neoplastic,GLCM_dissimilarity,GLCM_ASM,-0.5979672501411633,0.003289516807151054,0.5979672501411633
adenoma_vs_non_neoplastic,Tubular adenoma vs non-neoplastic,GLCM_dissimilarity,GLCM_energy,-0.6092603049124788,0.002614462489522857,0.6092603049124788
adenoma_vs_non_neoplastic,Tubular adenoma vs non-neoplastic,GLCM_dissimilarity,GLCM_correlation,-0.08977978543195936,0.691125727099112,0.08977978543195936
adenoma_vs_non_neoplastic,Tubular adenoma vs non-neoplastic,GLCM_dissimilarity,GLCM_entropy,0.8418972332015812,9.015603903500122e-07,0.8418972332015812
adenoma_vs_non_neoplastic,Tubular adenoma vs non-neoplastic,GLCM_dissimilarity,LowSignalRatio,0.4952004517221909,0.019113570454148965,0.4952004517221909
adenoma_vs_non_neoplastic,Tubular adenoma vs non-neoplastic,GLCM_dissimilarity,HighSignalRatio,0.20948616600790515,0.3494473524394893,0.20948616600790515
adenoma_vs_non_neoplastic,Tubular adenoma vs non-neoplastic,GLCM_dissimilarity,LowObj_Count,0.1259175607001694,0.5765977724368206,0.1259175607001694
adenoma_vs_non_neoplastic,Tubular adenoma vs non-neoplastic,GLCM_dissimilarity,LowObj_Density_per_10kpx,0.4240542066629024,0.04920155991351045,0.4240542066629024
adenoma_vs_non_neoplastic,Tubular adenoma vs non-neoplastic,GLCM_dissimilarity,LowObj_MeanArea_px,0.21174477696216829,0.34415653121964956,0.21174477696216829
adenoma_vs_non_neoplastic,Tubular adenoma vs non-neoplastic,GLCM_dissimilarity,LowObj_MedianArea_px,0.3777526821005082,0.08304544048187623,0.3777526821005082
adenoma_vs_non_neoplastic,Tubular adenoma vs non-neoplastic,GLCM_dissimilarity,LowObj_MeanCircularity,-0.3890457368718239,0.07352866053644125,0.3890457368718239
adenoma_vs_non_neoplastic,Tubular adenoma vs non-neoplastic,GLCM_dissimilarity,LowObj_MeanSolidity,-0.17560700169395824,0.4343942806229535,0.17560700169395824
adenoma_vs_non_neoplastic,Tubular adenoma vs non-neoplastic,GLCM_dissimilarity,LowObj_MeanEccentricity,-0.21061547148503673,0.3467960161098384,0.21061547148503673
adenoma_vs_non_neoplastic,Tubular adenoma vs non-neoplastic,GLCM_dissimilarity,LowObj_MeanAspectRatio,-0.19141727837380013,0.39346511711766724,0.19141727837380013
adenoma_vs_non_neoplastic,Tubular adenoma vs non-neoplastic,GLCM_dissimilarity,LowObj_TotalAreaRatio_filtered,0.5211744776962168,0.012873149549987757,0.5211744776962168
adenoma_vs_non_neoplastic,Tubular adenoma vs non-neoplastic,GLCM_homogeneity,GLCM_ASM,0.6589497459062676,0.0008525774283002147,0.6589497459062676
adenoma_vs_non_neoplastic,Tubular adenoma vs non-neoplastic,GLCM_homogeneity,GLCM_energy,0.6691134952004518,0.0006611865482963787,0.6691134952004518
adenoma_vs_non_neoplastic,Tubular adenoma vs non-neoplastic,GLCM_homogeneity,GLCM_correlation,0.18464144551101075,0.41073511956150655,0.18464144551101075
adenoma_vs_non_neoplastic,Tubular adenoma vs non-neoplastic,GLCM_homogeneity,GLCM_entropy,-0.8441558441558443,7.885000113376251e-07,0.8441558441558443
adenoma_vs_non_neoplastic,Tubular adenoma vs non-neoplastic,GLCM_homogeneity,LowSignalRatio,-0.3382269904009035,0.12365619745899689,0.3382269904009035
adenoma_vs_non_neoplastic,Tubular adenoma vs non-neoplastic,GLCM_homogeneity,HighSignalRatio,-0.18125352907961606,0.41952329103344255,0.18125352907961606
adenoma_vs_non_neoplastic,Tubular adenoma vs non-neoplastic,GLCM_homogeneity,LowObj_Count,-0.031055900621118016,0.8908767575077247,0.031055900621118016
adenoma_vs_non_neoplastic,Tubular adenoma vs non-neoplastic,GLCM_homogeneity,LowObj_Density_per_10kpx,-0.383399209486166,0.07817838660087374,0.383399209486166
adenoma_vs_non_neoplastic,Tubular adenoma vs non-neoplastic,GLCM_homogeneity,LowObj_MeanArea_px,-0.06606437041219651,0.7702096134744482,0.06606437041219651
adenoma_vs_non_neoplastic,Tubular adenoma vs non-neoplastic,GLCM_homogeneity,LowObj_MedianArea_px,-0.2523997741389046,0.25712024747259327,0.2523997741389046
adenoma_vs_non_neoplastic,Tubular adenoma vs non-neoplastic,GLCM_homogeneity,LowObj_MeanCircularity,0.34387351778656133,0.11711738023292767,0.34387351778656133
adenoma_vs_non_neoplastic,Tubular adenoma vs non-neoplastic,GLCM_homogeneity,LowObj_MeanSolidity,0.20045172219085267,0.3710825718233011,0.20045172219085267
adenoma_vs_non_neoplastic,Tubular adenoma vs non-neoplastic,GLCM_homogeneity,LowObj_MeanEccentricity,0.1044607566346697,0.6436271470407505,0.1044607566346697
adenoma_vs_non_neoplastic,Tubular adenoma vs non-neoplastic,GLCM_homogeneity,LowObj_MeanAspectRatio,0.1202710333145116,0.5939407703391391,0.1202710333145116
adenoma_vs_non_neoplastic,Tubular adenoma vs non-neoplastic,GLCM_homogeneity,LowObj_TotalAreaRatio_filtered,-0.36420101637492946,0.09564628896671849,0.36420101637492946
adenoma_vs_non_neoplastic,Tubular adenoma vs non-neoplastic,GLCM_ASM,GLCM_energy,0.9988706945228685,6.059071360884933e-28,0.9988706945228685
adenoma_vs_non_neoplastic,Tubular adenoma vs non-neoplastic,GLCM_ASM,GLCM_correlation,-0.2241671372106155,0.3159085603715583,0.2241671372106155
adenoma_vs_non_neoplastic,Tubular adenoma vs non-neoplastic,GLCM_ASM,GLCM_entropy,-0.8407679277244495,9.63287185293303e-07,0.8407679277244495
adenoma_vs_non_neoplastic,Tubular adenoma vs non-neoplastic,GLCM_ASM,LowSignalRatio,-0.05590062111801244,0.8048424437470657,0.05590062111801244
adenoma_vs_non_neoplastic,Tubular adenoma vs non-neoplastic,GLCM_ASM,HighSignalRatio,-0.31789949181253535,0.14937063985267565,0.31789949181253535
adenoma_vs_non_neoplastic,Tubular adenoma vs non-neoplastic,GLCM_ASM,LowObj_Count,-0.007340485601355168,0.974136742419401,0.007340485601355168
adenoma_vs_non_neoplastic,Tubular adenoma vs non-neoplastic,GLCM_ASM,LowObj_Density_per_10kpx,0.028797289666854884,0.8987720143803856,0.028797289666854884
adenoma_vs_non_neoplastic,Tubular adenoma vs non-neoplastic,GLCM_ASM,LowObj_MeanArea_px,-0.25014116318464147,0.2615456789659442,0.25014116318464147
adenoma_vs_non_neoplastic,Tubular adenoma vs non-neoplastic,GLCM_ASM,LowObj_MedianArea_px,-0.29983060417843027,0.17520277793847736,0.29983060417843027
adenoma_vs_non_neoplastic,Tubular adenoma vs non-neoplastic,GLCM_ASM,LowObj_MeanCircularity,0.4760022586109543,0.02513536425492372,0.4760022586109543
adenoma_vs_non_neoplastic,Tubular adenoma vs non-neoplastic,GLCM_ASM,LowObj_MeanSolidity,0.3167701863354037,0.15090164160975986,0.3167701863354037
adenoma_vs_non_neoplastic,Tubular adenoma vs non-neoplastic,GLCM_ASM,LowObj_MeanEccentricity,-0.06154714850367025,0.7855539651272332,0.06154714850367025
adenoma_vs_non_neoplastic,Tubular adenoma vs non-neoplastic,GLCM_ASM,LowObj_MeanAspectRatio,-0.09542631281761718,0.6727121332011152,0.09542631281761718
adenoma_vs_non_neoplastic,Tubular adenoma vs non-neoplastic,GLCM_ASM,LowObj_TotalAreaRatio_filtered,-0.07961603613777528,0.7246926801743929,0.07961603613777528
adenoma_vs_non_neoplastic,Tubular adenoma vs non-neoplastic,GLCM_energy,GLCM_correlation,-0.22868435911914178,0.3059959393602157,0.22868435911914178
adenoma_vs_non_neoplastic,Tubular adenoma vs non-neoplastic,GLCM_energy,GLCM_entropy,-0.8543195934500282,4.199409709576273e-07,0.8543195934500282
adenoma_vs_non_neoplastic,Tubular adenoma vs non-neoplastic,GLCM_energy,LowSignalRatio,-0.07171089779785433,0.7511458887213621,0.07171089779785433
adenoma_vs_non_neoplastic,Tubular adenoma vs non-neoplastic,GLCM_energy,HighSignalRatio,-0.33032185206098247,0.13324633756284318,0.33032185206098247
adenoma_vs_non_neoplastic,Tubular adenoma vs non-neoplastic,GLCM_energy,LowObj_Count,-0.019762845849802372,0.9304384215377666,0.019762845849802372
adenoma_vs_non_neoplastic,Tubular adenoma vs non-neoplastic,GLCM_energy,LowObj_Density_per_10kpx,0.005081874647092039,0.9820931607488158,0.005081874647092039
adenoma_vs_non_neoplastic,Tubular adenoma vs non-neoplastic,GLCM_energy,LowObj_MeanArea_px,-0.24901185770750994,0.2637764939258403,0.24901185770750994
adenoma_vs_non_neoplastic,Tubular adenoma vs non-neoplastic,GLCM_energy,LowObj_MedianArea_px,-0.3054771315640881,0.16682142842253073,0.3054771315640881
adenoma_vs_non_neoplastic,Tubular adenoma vs non-neoplastic,GLCM_energy,LowObj_MeanCircularity,0.4748729531338228,0.025531919822233972,0.4748729531338228
adenoma_vs_non_neoplastic,Tubular adenoma vs non-neoplastic,GLCM_energy,LowObj_MeanSolidity,0.3088650479954828,0.16192826188382298,0.3088650479954828
adenoma_vs_non_neoplastic,Tubular adenoma vs non-neoplastic,GLCM_energy,LowObj_MeanEccentricity,-0.05590062111801244,0.8048424437470657,0.05590062111801244
adenoma_vs_non_neoplastic,Tubular adenoma vs non-neoplastic,GLCM_energy,LowObj_MeanAspectRatio,-0.0942970073404856,0.6763807942707641,0.0942970073404856
adenoma_vs_non_neoplastic,Tubular adenoma vs non-neoplastic,GLCM_energy,LowObj_TotalAreaRatio_filtered,-0.09768492377188029,0.6653964075322029,0.09768492377188029
adenoma_vs_non_neoplastic,Tubular adenoma vs non-neoplastic,GLCM_correlation,GLCM_entropy,0.27159796725014124,0.2214459028293143,0.27159796725014124
adenoma_vs_non_neoplastic,Tubular adenoma vs non-neoplastic,GLCM_correlation,LowSignalRatio,0.20271033314511577,0.3656032765874888,0.20271033314511577
adenoma_vs_non_neoplastic,Tubular adenoma vs non-neoplastic,GLCM_correlation,HighSignalRatio,0.4590626764539809,0.03162580882798473,0.4590626764539809
adenoma_vs_non_neoplastic,Tubular adenoma vs non-neoplastic,GLCM_correlation,LowObj_Count,0.22303783173348396,0.31841675008781406,0.22303783173348396
adenoma_vs_non_neoplastic,Tubular adenoma vs non-neoplastic,GLCM_correlation,LowObj_Density_per_10kpx,-0.07848673066064371,0.7284539754065,0.07848673066064371
adenoma_vs_non_neoplastic,Tubular adenoma vs non-neoplastic,GLCM_correlation,LowObj_MeanArea_px,0.5798983625070583,0.004670995181901245,0.5798983625070583
adenoma_vs_non_neoplastic,Tubular adenoma vs non-neoplastic,GLCM_correlation,LowObj_MedianArea_px,0.4217955957086392,0.05055239993921572,0.4217955957086392
adenoma_vs_non_neoplastic,Tubular adenoma vs non-neoplastic,GLCM_correlation,LowObj_MeanCircularity,-0.259175607001694,0.2441331865660933,0.259175607001694
adenoma_vs_non_neoplastic,Tubular adenoma vs non-neoplastic,GLCM_correlation,LowObj_MeanSolidity,0.11462450592885377,0.6115002138101083,0.11462450592885377
adenoma_vs_non_neoplastic,Tubular adenoma vs non-neoplastic,GLCM_correlation,LowObj_MeanEccentricity,-0.09994353472614344,0.6581099564182372,0.09994353472614344
adenoma_vs_non_neoplastic,Tubular adenoma vs non-neoplastic,GLCM_correlation,LowObj_MeanAspectRatio,0.06267645398080182,0.7817104249303759,0.06267645398080182
adenoma_vs_non_neoplastic,Tubular adenoma vs non-neoplastic,GLCM_correlation,LowObj_TotalAreaRatio_filtered,0.23546019198193116,0.2914882349612471,0.23546019198193116
adenoma_vs_non_neoplastic,Tubular adenoma vs non-neoplastic,GLCM_entropy,LowSignalRatio,0.3890457368718239,0.07352866053644125,0.3890457368718239
adenoma_vs_non_neoplastic,Tubular adenoma vs non-neoplastic,GLCM_entropy,HighSignalRatio,0.41840767927724454,0.052632164362510975,0.41840767927724454
adenoma_vs_non_neoplastic,Tubular adenoma vs non-neoplastic,GLCM_entropy,LowObj_Count,0.10897797854319595,0.6292681723906856,0.10897797854319595
adenoma_vs_non_neoplastic,Tubular adenoma vs non-neoplastic,GLCM_entropy,LowObj_Density_per_10kpx,0.24675324675324675,0.26827433942114864,0.24675324675324675
adenoma_vs_non_neoplastic,Tubular adenoma vs non-neoplastic,GLCM_entropy,LowObj_MeanArea_px,0.3946922642574817,0.06909060271028511,0.3946922642574817
adenoma_vs_non_neoplastic,Tubular adenoma vs non-neoplastic,GLCM_entropy,LowObj_MedianArea_px,0.461321287408244,0.03069100467835674,0.461321287408244
adenoma_vs_non_neoplastic,Tubular adenoma vs non-neoplastic,GLCM_entropy,LowObj_MeanCircularity,-0.5697346132128742,0.00564080428566255,0.5697346132128742
adenoma_vs_non_neoplastic,Tubular adenoma vs non-neoplastic,GLCM_entropy,LowObj_MeanSolidity,-0.2783738001129306,0.20967898109480362,0.2783738001129306
adenoma_vs_non_neoplastic,Tubular adenoma vs non-neoplastic,GLCM_entropy,LowObj_MeanEccentricity,-0.04573687182382835,0.8398323612677269,0.04573687182382835
adenoma_vs_non_neoplastic,Tubular adenoma vs non-neoplastic,GLCM_entropy,LowObj_MeanAspectRatio,0.02089215132693394,0.9264735945676482,0.02089215132693394
adenoma_vs_non_neoplastic,Tubular adenoma vs non-neoplastic,GLCM_entropy,LowObj_TotalAreaRatio_filtered,0.4240542066629024,0.04920155991351045,0.4240542066629024
adenoma_vs_non_neoplastic,Tubular adenoma vs non-neoplastic,LowSignalRatio,HighSignalRatio,-0.2625635234330887,0.23780202752583146,0.2625635234330887
adenoma_vs_non_neoplastic,Tubular adenoma vs non-neoplastic,LowSignalRatio,LowObj_Count,0.6849237718802937,0.00043664957319991185,0.6849237718802937
adenoma_vs_non_neoplastic,Tubular adenoma vs non-neoplastic,LowSignalRatio,LowObj_Density_per_10kpx,0.7289666854884248,0.0001189414752705877,0.7289666854884248
adenoma_vs_non_neoplastic,Tubular adenoma vs non-neoplastic,LowSignalRatio,LowObj_MeanArea_px,0.6871823828345569,0.0004106803574022339,0.6871823828345569
adenoma_vs_non_neoplastic,Tubular adenoma vs non-neoplastic,LowSignalRatio,LowObj_MedianArea_px,0.743647656691135,7.291027594501717e-05,0.743647656691135
adenoma_vs_non_neoplastic,Tubular adenoma vs non-neoplastic,LowSignalRatio,LowObj_MeanCircularity,-0.6194240542066629,0.002110576672057837,0.6194240542066629
adenoma_vs_non_neoplastic,Tubular adenoma vs non-neoplastic,LowSignalRatio,LowObj_MeanSolidity,-0.34839073969508755,0.1120695104195092,0.34839073969508755
adenoma_vs_non_neoplastic,Tubular adenoma vs non-neoplastic,LowSignalRatio,LowObj_MeanEccentricity,-0.11801242236024848,0.6009390114559511,0.11801242236024848
adenoma_vs_non_neoplastic,Tubular adenoma vs non-neoplastic,LowSignalRatio,LowObj_MeanAspectRatio,0.03444381705251271,0.8790527918698183,0.03444381705251271
adenoma_vs_non_neoplastic,Tubular adenoma vs non-neoplastic,LowSignalRatio,LowObj_TotalAreaRatio_filtered,0.9954827780914738,6.26584416722014e-22,0.9954827780914738
adenoma_vs_non_neoplastic,Tubular adenoma vs non-neoplastic,HighSignalRatio,LowObj_Count,-0.383399209486166,0.07817838660087374,0.383399209486166
adenoma_vs_non_neoplastic,Tubular adenoma vs non-neoplastic,HighSignalRatio,LowObj_Density_per_10kpx,-0.2603049124788256,0.24201079068326722,0.2603049124788256
adenoma_vs_non_neoplastic,Tubular adenoma vs non-neoplastic,HighSignalRatio,LowObj_MeanArea_px,-0.06832298136645965,0.7625680708731801,0.06832298136645965
adenoma_vs_non_neoplastic,Tubular adenoma vs non-neoplastic,HighSignalRatio,LowObj_MedianArea_px,-0.07171089779785433,0.7511458887213621,0.07171089779785433
adenoma_vs_non_neoplastic,Tubular adenoma vs non-neoplastic,HighSignalRatio,LowObj_MeanCircularity,0.09881422924901187,0.6617494869264957,0.09881422924901187
adenoma_vs_non_neoplastic,Tubular adenoma vs non-neoplastic,HighSignalRatio,LowObj_MeanSolidity,0.4443817052512706,0.03826346174887373,0.4443817052512706
adenoma_vs_non_neoplastic,Tubular adenoma vs non-neoplastic,HighSignalRatio,LowObj_MeanEccentricity,-0.12140033879164315,0.5904546067875798,0.12140033879164315
adenoma_vs_non_neoplastic,Tubular adenoma vs non-neoplastic,HighSignalRatio,LowObj_MeanAspectRatio,-0.13495200451722192,0.549318075362681,0.13495200451722192
adenoma_vs_non_neoplastic,Tubular adenoma vs non-neoplastic,HighSignalRatio,LowObj_TotalAreaRatio_filtered,-0.21174477696216829,0.34415653121964956,0.21174477696216829
adenoma_vs_non_neoplastic,Tubular adenoma vs non-neoplastic,LowObj_Count,LowObj_Density_per_10kpx,0.6578204404291361,0.0008765022164176498,0.6578204404291361
adenoma_vs_non_neoplastic,Tubular adenoma vs non-neoplastic,LowObj_Count,LowObj_MeanArea_px,0.4285714285714286,0.04658379774023283,0.4285714285714286
adenoma_vs_non_neoplastic,Tubular adenoma vs non-neoplastic,LowObj_Count,LowObj_MedianArea_px,0.6363636363636365,0.0014528914465694492,0.6363636363636365
adenoma_vs_non_neoplastic,Tubular adenoma vs non-neoplastic,LowObj_Count,LowObj_MeanCircularity,-0.3314511575381141,0.13184479008712227,0.3314511575381141
adenoma_vs_non_neoplastic,Tubular adenoma vs non-neoplastic,LowObj_Count,LowObj_MeanSolidity,-0.07622811970638058,0.7359946162262682,0.07622811970638058
adenoma_vs_non_neoplastic,Tubular adenoma vs non-neoplastic,LowObj_Count,LowObj_MeanEccentricity,-0.20835686053077357,0.3521105235596147,0.20835686053077357
adenoma_vs_non_neoplastic,Tubular adenoma vs non-neoplastic,LowObj_Count,LowObj_MeanAspectRatio,-0.10671936758893281,0.6364319056668153,0.10671936758893281
adenoma_vs_non_neoplastic,Tubular adenoma vs non-neoplastic,LowObj_Count,LowObj_TotalAreaRatio_filtered,0.6939582156973463,0.00034057734823525167,0.6939582156973463
adenoma_vs_non_neoplastic,Tubular adenoma vs non-neoplastic,LowObj_Density_per_10kpx,LowObj_MeanArea_px,0.13833992094861663,0.5392421274426354,0.13833992094861663
adenoma_vs_non_neoplastic,Tubular adenoma vs non-neoplastic,LowObj_Density_per_10kpx,LowObj_MedianArea_px,0.4692264257481649,0.027590167740837626,0.4692264257481649
adenoma_vs_non_neoplastic,Tubular adenoma vs non-neoplastic,LowObj_Density_per_10kpx,LowObj_MeanCircularity,-0.20158102766798422,0.3683370734344016,0.20158102766798422
adenoma_vs_non_neoplastic,Tubular adenoma vs non-neoplastic,LowObj_Density_per_10kpx,LowObj_MeanSolidity,0.014116318464144554,0.9502846499817856,0.014116318464144554
adenoma_vs_non_neoplastic,Tubular adenoma vs non-neoplastic,LowObj_Density_per_10kpx,LowObj_MeanEccentricity,-0.14737436476566912,0.5127986614526048,0.14737436476566912
adenoma_vs_non_neoplastic,Tubular adenoma vs non-neoplastic,LowObj_Density_per_10kpx,LowObj_MeanAspectRatio,-0.040090344438170535,0.8594025608936708,0.040090344438170535
adenoma_vs_non_neoplastic,Tubular adenoma vs non-neoplastic,LowObj_Density_per_10kpx,LowObj_TotalAreaRatio_filtered,0.7425183512140034,7.579334851078293e-05,0.7425183512140034
adenoma_vs_non_neoplastic,Tubular adenoma vs non-neoplastic,LowObj_MeanArea_px,LowObj_MedianArea_px,0.7402597402597403,8.185823879055844e-05,0.7402597402597403
adenoma_vs_non_neoplastic,Tubular adenoma vs non-neoplastic,LowObj_MeanArea_px,LowObj_MeanCircularity,-0.8046301524562395,6.348261662743745e-06,0.8046301524562395
adenoma_vs_non_neoplastic,Tubular adenoma vs non-neoplastic,LowObj_MeanArea_px,LowObj_MeanSolidity,-0.5550536420101638,0.007332428490725418,0.5550536420101638
adenoma_vs_non_neoplastic,Tubular adenoma vs non-neoplastic,LowObj_MeanArea_px,LowObj_MeanEccentricity,0.14285714285714288,0.5259420073570243,0.14285714285714288
adenoma_vs_non_neoplastic,Tubular adenoma vs non-neoplastic,LowObj_MeanArea_px,LowObj_MeanAspectRatio,0.3122529644268775,0.15713592444827057,0.3122529644268775
adenoma_vs_non_neoplastic,Tubular adenoma vs non-neoplastic,LowObj_MeanArea_px,LowObj_TotalAreaRatio_filtered,0.6725014116318464,0.0006061778873722594,0.6725014116318464
adenoma_vs_non_neoplastic,Tubular adenoma vs non-neoplastic,LowObj_MedianArea_px,LowObj_MeanCircularity,-0.7504234895539245,5.753256844184797e-05,0.7504234895539245
adenoma_vs_non_neoplastic,Tubular adenoma vs non-neoplastic,LowObj_MedianArea_px,LowObj_MeanSolidity,-0.31451157538114066,0.1539966672539892,0.31451157538114066
adenoma_vs_non_neoplastic,Tubular adenoma vs non-neoplastic,LowObj_MedianArea_px,LowObj_MeanEccentricity,-0.1394692264257482,0.5359025820314626,0.1394692264257482
adenoma_vs_non_neoplastic,Tubular adenoma vs non-neoplastic,LowObj_MedianArea_px,LowObj_MeanAspectRatio,0.008469791078486732,0.9701593779567589,0.008469791078486732
adenoma_vs_non_neoplastic,Tubular adenoma vs non-neoplastic,LowObj_MedianArea_px,LowObj_TotalAreaRatio_filtered,0.7481648785996614,6.230994228167981e-05,0.7481648785996614
adenoma_vs_non_neoplastic,Tubular adenoma vs non-neoplastic,LowObj_MeanCircularity,LowObj_MeanSolidity,0.7526821005081875,5.3077425273494344e-05,0.7526821005081875
adenoma_vs_non_neoplastic,Tubular adenoma vs non-neoplastic,LowObj_MeanCircularity,LowObj_MeanEccentricity,-0.39243365330321855,0.07084079067181379,0.39243365330321855
adenoma_vs_non_neoplastic,Tubular adenoma vs non-neoplastic,LowObj_MeanCircularity,LowObj_MeanAspectRatio,-0.4760022586109543,0.02513536425492372,0.4760022586109543
adenoma_vs_non_neoplastic,Tubular adenoma vs non-neoplastic,LowObj_MeanCircularity,LowObj_TotalAreaRatio_filtered,-0.6070016939582158,0.002739216116822334,0.6070016939582158
adenoma_vs_non_neoplastic,Tubular adenoma vs non-neoplastic,LowObj_MeanSolidity,LowObj_MeanEccentricity,-0.5460191981931113,0.008567652154897763,0.5460191981931113
adenoma_vs_non_neoplastic,Tubular adenoma vs non-neoplastic,LowObj_MeanSolidity,LowObj_MeanAspectRatio,-0.6024844720496896,0.0030037925524424476,0.6024844720496896
adenoma_vs_non_neoplastic,Tubular adenoma vs non-neoplastic,LowObj_MeanSolidity,LowObj_TotalAreaRatio_filtered,-0.31451157538114066,0.1539966672539892,0.31451157538114066
adenoma_vs_non_neoplastic,Tubular adenoma vs non-neoplastic,LowObj_MeanEccentricity,LowObj_MeanAspectRatio,0.9367588932806326,1.4203781567907474e-10,0.9367588932806326
adenoma_vs_non_neoplastic,Tubular adenoma vs non-neoplastic,LowObj_MeanEccentricity,LowObj_TotalAreaRatio_filtered,-0.13495200451722192,0.549318075362681,0.13495200451722192
adenoma_vs_non_neoplastic,Tubular adenoma vs non-neoplastic,LowObj_MeanAspectRatio,LowObj_TotalAreaRatio_filtered,0.026538678712591763,0.9066765277008432,0.026538678712591763
